지능,1113
인공,1074
기술,399
인간,288
서비스,276
개발,251
말,205
제공,151
정보,148
로봇,143
사람,135
기계,130
전자,129
분석,128
가능,125
알파고,120
인식,115
활용,114
연구,112
시스템,109
분야,108
고객,105
바둑,104
학습,101
기업,98
적용,98
구글,97
기반,95
세계,95
제품,95
음성,94
이용,94
관련,86
산업,83
다양,83
기능,82
미래,80
단,80
사업,79
예측,79
컴퓨터,79
시간,78
탑재,73
데이터,72
자동,72
필요,70
대화,70
때,68
국내,68
경우,67
챗봇,65
계획,64
스,64
플랫폼,63
번역,63
인터넷,62
공개,62
언어,62
출시,61
올해,60
최근,60
팀,60
빅데이터,59
교수,59
앞,57
도입,56
일,56
사회,55
연결,55
문제,55
게임,54
기기,54
사용,54
이번,53
결과,53
지난해,53
수준,52
검색,52
시장,52
의료,52
사진,51
영화,50
프로그램,50
추천,50
금융,49
이상,48
설명,48
스피커,48
시작,47
대표,47
과학,47
예정,46
처음,46
상황,46
상품,46
감정,46
시대,45
확대,45
구축,44
뒤,44
방식,44
정도,44
기존,44
발표,43
전문,43
업체,43
전망,43
사용자,43
가전,43
대국,43
관계자,42
운영,42
제어,42
수,42
발전,41
이날,41
내년,41
센터,41
투자,41
모바일,41
이,41
영상,40
평가,40
다음,40
관리,40
개인,40
러닝,40
이세돌,40
지원,39
안,39
관심,39
이후,38
트,38
능력,38
자신,38
혁명,37
전문가,37
진행,37
알고리즘,37
상태,37
자동차,37
비서,37
자체,37
경기,37
상담,36
자율,36
변화,35
속도,35
예상,35
질문,35
회사,35
앱,35
콘텐츠,34
일자리,34
제시,34
목소리,34
생각,34
확인,34
대상,33
환자,33
화면,33
중요,33
창의,33
과정,32
사물,32
모습,32
경험,32
맞춤,32
최고,32
뉴스,32
전략,32
기자,32
진단,32
등장,32
텔레콤,31
번역기,31
소비자,31
이용자,30
영역,30
최초,30
구현,30
글로벌,30
작품,30
실시간,30
조사,30
주행,30
알파,30
쇼핑,30
경쟁,30
이미지,29
성장,29
의학,29
판매,29
글,29
바탕,29
머신러닝,29
내용,28
삶,28
도움,28
속,28
규모,28
점,28
핵심,28
노동,28
판단,28
소프트웨어,28
에어컨,28
행동,28
트폰,28
출원,28
협력,27
이해,27
생활,27
대회,27
논문,27
사장,27
추가,26
기대,26
환경,26
목표,26
인류,26
처리,26
해당,26
의사,26
보험,26
단계,26
세상,26
분기,26
소설,26
대결,26
위험,25
지,25
국가,25
입력,25
씽큐,25
검증,25
문장,25
기사,25
외부,24
강화,24
지속,24
기관,24
디지털,24
수행,24
민원,24
존재,24
연구소,24
현실,24
회장,24
의미,24
파악,24
카메라,24
이름,24
눈,24
기록,24
예,24
뇌,24
약물,24
영업,24
마음,24
이익,24
병원,23
소개,23
본격,23
실제,23
얼굴,23
자료,23
이유,23
시각,23
반응,23
운전자,23
후,23
은하,23
추진,22
안내,22
성공,22
사,22
정부,22
지금,22
향후,22
정확,22
연구진,22
매출,22
손,22
경제,22
사실,22
장치,22
역할,22
자산,22
승리,22
디스플레이,21
친구,21
업무,21
동안,21
방법,21
대,21
진화,21
신경망,21
지식,21
주요,21
최대,21
보,21
최적,21
달,21
전체,21
참여,21
임상,21
확보,21
포함,21
기,21
기본,21
대신,21
결합,21
교육,20
시,20
통신,20
어,20
혁신,20
솔루션,20
현지,20
명령,20
뜻,20
방향,20
정확도,20
전,20
공기,20
직업,20
결정,20
어시스턴트,20
작동,20
업계,20
시험,20
여성,20
후보,20
선정,19
공간,19
아이,19
책,19
사례,19
지역,19
현재,19
효율,19
날,19
발달,19
답,19
단어,19
마,19
상대,19
답변,19
월드컵,19
학생,18
홈,18
홈페이지,18
이동,18
고려,18
촬영,18
편리,18
대체,18
제작,18
집,18
효과,18
현장,18
차지,18
채용,18
모델,18
특징,18
기준,18
구매,18
직관,18
유전자,18
가운데,17
인지,17
배,17
행사,17
중심,17
각종,17
전화,17
자사,17
조직,17
향상,17
개발자,17
주목,17
가상,17
적극,16
집중,16
국제,16
가치,16
대응,16
분류,16
센서,16
가입,16
조절,16
연동,16
감소,16
참가,16
카카오,16
특허,16
로,16
패배,16
담당,15
치료,15
강조,15
노인,15
구조,15
종합,15
공동,15
확장,15
첨단,15
패턴,15
안전,15
일반,15
대비,15
경쟁력,15
인공신경망,15
준비,15
자연어,15
위치,15
성능,15
사이,15
작용,15
칩,15
표현,15
실적,15
비교,15
상표,15
특성,14
방안,14
마련,14
버,14
기간,14
센터장,14
통,14
음악,14
개선,14
와이즈넛,14
주제,14
상용,14
대통령,14
발언,14
원,14
전기,14
과거,14
확률,14
인,14
일정,14
경영자,14
예술,14
작가,14
작성,14
인수,14
브랜드,14
증가,14
프리미엄,14
드,14
마케팅,14
해결,14
관계,14
온라인,14
날씨,14
실현,14
매장,14
이야기,14
자연,14
수익,14
우주,14
형태,14
봇,14
애플,14
할,14
프로,14
상어,14
구성,13
시범,13
선도,13
몸,13
발생,13
인력,13
채널,13
응대,13
위협,13
정치,13
해외,13
제안,13
부,13
네트워크,13
역사,13
호텔,13
여행,13
움직임,13
개념,13
양,13
간,13
설치,13
수집,13
독자,13
지적,13
상상,13
한,13
지난달,13
표시,13
건강,13
차별,13
진료,13
보도,13
생산,13
개최,13
전달,13
충격,13
스마트폰,13
부분,13
암,13
체계,12
기초,12
자유,12
돌,12
터,12
생태,12
고도,12
적합,12
우승,12
동시,12
교통,12
전국,12
무선,12
브,12
공정,12
연구원,12
훈련,12
발견,12
오염,12
관측,12
그동안,12
운전,12
책임자,12
대학,12
과학자,12
완벽,12
자리,12
상호,12
신경,12
심사,12
작업,12
폰,12
축구,12
미니,12
감성,12
수학,11
공존,11
시도,11
장애인,11
참석,11
공유,11
층,11
경영,11
공격,11
통합,11
특정,11
설계,11
구,11
부회장,11
문,11
비전,11
휴대,11
선택,11
감지,11
공포,11
어드바이저,11
문학,11
국내외,11
소,11
영향,11
보고서,11
편의,11
차량,11
차,11
도전,11
과제,11
법,11
하이,11
엔진,11
축적,11
변경,11
플레이어,11
청정기,11
본사,11
일부,11
접근,11
포털,11
국,11
취향,11
딥,11
간담회,11
조건,11
야구,11
흥미,11
의도,11
주장,11
포실,11
기억,11
표정,11
요구,11
엔비디아,11
주,11
지배,11
활성,11
저자,11
계산,11
신청,11
종사자,11
판,11
와이퍼,11
곳,10
전환,10
위,10
종,10
활동,10
협약,10
통화,10
검사,10
대중,10
융합,10
사항,10
반영,10
차원,10
주도,10
연설,10
접목,10
얘기,10
우려,10
정책,10
길,10
도로,10
구체,10
직원,10
스타트업,10
캐릭터,10
반복,10
지하수,10
최종,10
비,10
학,10
외국,10
공,10
경품,10
냉장고,10
복합,10
의류,10
부품,10
가정,10
공학,10
범죄,10
온도,10
대답,10
요즘,10
하루,10
실수,10
경망,10
박사,10
음성인식,10
실력,10
해설,10
시술,10
기보,10
마인,10
페퍼,10
장착,10
당선,10
세기,10
사고,10
승부,10
결국,10
비브,10
코딩,10
연애,10
고,9
투입,9
연수,9
실시,9
체험,9
수술,9
조명,9
가동,9
단순,9
역량,9
내부,9
범위,9
생성,9
전쟁,9
시나리오,9
성향,9
큐,9
기법,9
트위터,9
성과,9
심층,9
프로젝트,9
방송,9
왼쪽,9
한계,9
오후,9
토대,9
소리,9
과기,9
그룹,9
검토,9
창작,9
닝,9
느낌,9
반면,9
스마,9
일상,9
고통,9
제,9
이벤트,9
하,9
레,9
스마트,9
보안,9
피싱,9
인정,9
참고,9
임원,9
개막,9
바이두,9
선호,9
나노,9
보유,9
설정,9
보호,9
무인,9
카,9
반도체,9
모양,9
문서,9
동작,9
조작,9
주인공,9
돈,9
은행,9
홈피,9
연구자,9
원격,9
욕설,9
꽃가루,9
뚜봇,9
주행차,9
흑,9
소득,9
각막,9
필수,8
연,8
체결,8
행정,8
시행,8
접속,8
방침,8
부스,8
가짜,8
격차,8
평균,8
주변,8
진출,8
장소,8
오디오,8
단말기,8
각국,8
정통부,8
법률,8
이달,8
우수,8
동력,8
이론,8
음식,8
항목,8
대부분,8
해,8
부사장,8
개방,8
언론,8
증명,8
통과,8
오픈,8
세탁기,8
제습기,8
선전,8
선언,8
최소,8
인재,8
금감원,8
전형,8
취업,8
자,8
좌우,8
테스트,8
부문,8
제조,8
걱정,8
백화점,8
생명,8
닭,8
습도,8
표준,8
인기,8
오류,8
문자,8
생존,8
화,8
인공신,8
소모,8
비트,8
포트폴리오,8
천문학자,8
비율,8
버전,8
균형,8
배경,8
네이버,8
강점,8
밖,8
채팅,8
성적,8
휴머노이드,8
이전,8
제한,8
데이터베이스,8
해석,8
코,8
추세,8
상반기,8
공부,8
돌바람,8
기력,8
도박사,8
도금량,8
실험,8
파,8
사기범,8
볼보트럭,8
쉬프,8
위기,7
계기,7
배치,7
어린이,7
통역,7
고민,7
복지,7
시연,7
불편,7
두뇌,7
관광,7
전통,7
조성,7
기조,7
신규,7
측면,7
유명,7
우리나라,7
기술력,7
공학부,7
흐름,7
통계,7
의견,7
가속,7
인형,7
엔,7
메시지,7
해방,7
펀드,7
배터리,7
연산,7
측정,7
모니터링,7
문화,7
창조,7
수치,7
래,7
화질,7
빅,7
장비,7
노력,7
신문,7
은,7
뱅킹,7
금액,7
계좌,7
입,7
특화,7
주력,7
실내,7
치열,7
서류,7
면접,7
등록,7
건강관리,7
시점,7
실행,7
전용,7
탭,7
실생활,7
차세대,7
오,7
설주,7
마찬가지,7
실패,7
강도,7
세포,7
에너지,7
그림,7
어드바이,7
우주인,7
감각,7
유지,7
독립,7
최신,7
종목,7
가격,7
감안,7
화제,7
마지막,7
박차,7
페이스북,7
차례,7
옷,7
한국인,7
타,7
뇌과학,7
계속,7
민원인,7
인종,7
치료법,7
창,7
두려움,7
파운트,7
알레르기,7
포커,7
개별,7
여권,7
품질,7
완전,7
듀얼,7
아이폰,7
자문,7
저작,7
승패,7
설립,7
듀얼클러치,7
변속,7
단위,6
교과서,6
하드웨어,6
비용,6
외국인,6
가구,6
신고,6
감상,6
소식,6
동일,6
콜,6
장애,6
연말,6
상담사,6
키,6
지시,6
초기,6
주관,6
바깥,6
포부,6
정체,6
그래픽,6
벤처,6
회복,6
별도,6
다,6
신,6
어려움,6
예방,6
가,6
여행지,6
공공,6
변환,6
미디어,6
이하,6
머리,6
권고안,6
신뢰,6
구분,6
공항,6
컴퓨팅,6
질병,6
여부,6
작곡,6
성,6
전장,6
무대,6
센,6
소재,6
커,6
기념,6
현대,6
송금,6
지급,6
전시회,6
디자인,6
융,6
월,6
운용,6
입장,6
선발,6
계열사,6
지원자,6
웹,6
매,6
모방,6
결제,6
스마트홈,6
치,6
소비,6
급,6
버튼,6
가전제품,6
페이지,6
선,6
랩,6
소방관,6
서낭,6
목록,6
면,6
모바,6
가변,6
사랑,6
권위,6
인공지능,6
발급,6
오프라인,6
관람객,6
홀,6
선수,6
응원,6
피,6
발명,6
기가지니,6
미,6
도달,6
조회,6
신호,6
당시,6
거래,6
패,6
관점,6
특허청,6
목적지,6
메신저,6
음성비서,6
원리,6
세대,6
콜센터,6
제외,6
패러다임,6
바람,6
시동,6
발화,6
중단,6
애플리케이션,6
포,6
이의,6
고수,6
제압,6
설계사,6
차기,6
포시즌스,6
우세,6
벤자민,6
입시,6
정비,6
본질,6
초반,6
고위험군,6
사무,6
챔피언,6
자의식,6
소방,6
이별,6
포포,6
과목,5
고등학교,5
희망,5
딸,5
선생,5
기여,5
통합돌봄,5
순,5
상담원,5
비즈니스,5
컨퍼런스,5
실질,5
전시,5
상무,5
아,5
사기,5
핵무기,5
가미,5
합성,5
평소,5
드론,5
부각,5
기후,5
기회,5
수출,5
육성,5
추론,5
총괄,5
책임,5
도,5
연계,5
오차,5
창출,5
여,5
대형,5
방문,5
혁신허브,5
소통,5
공식,5
정의,5
의장,5
지표,5
정신,5
사건,5
국립,5
수질,5
조기,5
예술가,5
특별,5
인상,5
저장,5
최고기술,5
공학자,5
홀몸,5
독거노인,5
통제,5
나라,5
팀장,5
개편,5
그,5
상업,5
한마디,5
모니터,5
완료,5
게재,5
알,5
기득,5
크기,5
논리,5
유통,5
요약,5
생체,5
체제,5
웨어러블,5
지도,5
상거래,5
리,5
차이,5
제조업,5
객체,5
나노기술,5
부처,5
수립,5
위원회,5
관제,5
추출,5
조합,5
완성,5
보장,5
값,5
전면,5
원인,5
부작용,5
플래,5
십,5
터치,5
유플러,5
애,5
방,5
장점,5
교감,5
농도,5
영입,5
시리,5
편견,5
판교,5
장,5
커뮤니케이션,5
허용,5
의식,5
노래,5
병,5
신체,5
정상,5
잘못,5
무게,5
전력,5
행복,5
휴대폰,5
돌파,5
테,5
물질,5
분류법,5
세부,5
주최,5
목적,5
폭,5
시회,5
이스,5
결선,5
네프론,5
횟수,5
챌린,5
정,5
감독,5
관객,5
출발,5
부위,5
끝,5
사활,5
망,5
게이머,5
선물,5
전투,5
재미,5
시리즈,5
맥락,5
전반,5
국민,5
사업부,5
제휴,5
왕좌,5
물건,5
압도,5
테마,5
자극,5
유리,5
텍스트,5
전문가시스템,5
민간,5
오디세이,5
장면,5
장벽,5
사태,5
여론,5
유사,5
의상,5
모형,5
각각,5
인스티튜트,5
스티튜트,5
참가자,5
베팅,5
고급,5
유용,5
보험사,5
헬스,5
코스,5
요,5
공상,5
파파고,5
순서,5
밤,5
백,5
수정,5
직장,5
화재,5
권리,5
돌연변이,5
필자,5
도덕,5
반상,5
방문자,5
헬기,5
감,4
교육청,4
중점,4
교,4
교사,4
안정,4
수요,4
당,4
클,4
정서,4
인치,4
불안,4
보급,4
혼자,4
요청,4
청각,4
질의,4
응답,4
질,4
영향력,4
본부,4
핵,4
시뮬레이션,4
유전,4
가공,4
노출,4
길이,4
엑소브레인,4
상당,4
접견,4
손정,4
원천,4
조정,4
관,4
박물관,4
승용차,4
조치,4
논의,4
조언,4
자금,4
부족,4
탄생,4
인사,4
관광객,4
구청,4
먹거리,4
약,4
플리케이션,4
회원국,4
채택,4
기세,4
판사,4
행,4
감시,4
과학원,4
취미,4
곡,4
호기심,4
추정,4
완성차,4
접점,4
임대,4
대처,4
바이,4
과,4
강연,4
이사,4
이체,4
물,4
게임기,4
건조기,4
시그니처,4
공략,4
엑스포,4
오전,4
ㄱ,4
절차,4
물류,4
비행,4
교통량,4
싱,4
션,4
감독원,4
경고,4
특수,4
획득,4
모두,4
원칙,4
학자,4
하반기,4
사원,4
인프라,4
활용도,4
범용,4
일상생활,4
맛집,4
포토,4
바,4
중,4
중소기업,4
사전,4
업데이트,4
달성,4
사이버,4
노하우,4
실용,4
양계장,4
온,4
전송,4
발,4
카카,4
현상,4
대사,4
보고,4
정수기,4
제목,4
유플러스,4
표면,4
동화책,4
유,4
선점,4
통신사,4
가입자,4
현황,4
습득,4
퀴즈,4
공감,4
강아지,4
소형,4
흉내,4
예의,4
중앙,4
드바이,4
첫날,4
올,4
규칙,4
충족,4
독해,4
거대,4
문의,4
카카오톡,4
예약,4
만,4
운동,4
전전,4
작년,4
점수,4
트렌드,4
각축장,4
원년,4
연출,4
합성어,4
사이트,4
빌딩,4
얼터,4
생명체,4
기가,4
요금,4
대량,4
포인트,4
현금,4
물고기,4
피아노,4
분위기,4
작위,4
발굴,4
증강,4
가상현실,4
문맥,4
회의,4
인증,4
성격,4
나노머신,4
머신,4
분사,4
체스,4
구원,4
블레이,4
스타크래프,4
출전,4
대등,4
머,4
시민,4
암센터,4
응모,4
풀이,4
틱,4
조종,4
파트너,4
패션,4
발간,4
숫자,4
각광,4
포괄,4
묘사,4
유일,4
심화,4
조금,4
시기,4
오늘날,4
의뢰,4
악성,4
노동자,4
우주선,4
제거,4
강,4
대선,4
통계학,4
추이,4
누적,4
극,4
갤럭시,4
위반,4
학계,4
편차,4
도금,4
탓,4
포럼,4
지문,4
번역사,4
한글,4
진입,4
구상,4
보편,4
소화,4
요타,4
이슈,4
도전장,4
여파,4
전년,4
자본,4
녹음,4
한정,4
문학상,4
고유,4
수상,4
신장,4
유망,4
슈퍼컴퓨터,4
부정,4
딥마인드,4
매치,4
군사,4
고전,4
세이,4
사만다,4
노예,4
선두,4
착륙,4
무릎,4
재난,4
설명회,4
특이점,4
전날,4
중반,4
세돌,4
시합,4
변속기,4
트랙터,4
차체,4
강한,4
진압복,4
모임,4
바퀴,4
시력,4
뉴,3
개교,3
부응,3
산학,3
양성,3
위탁,3
이병원,3
수술실,3
보호자,3
전무,3
군,3
단체,3
봄,3
취약,3
집안,3
주간,3
관리사,3
예산,3
수어,3
누리봇,3
유튜브,3
기지,3
피해,3
발사,3
상상력,3
만약,3
안보,3
합,3
동영상,3
통신부,3
재,3
소프,3
정보통신부,3
다국어,3
학술지,3
도로망,3
내비게이션,3
경찰,3
교환,3
만찬,3
도착,3
연합,3
창업가,3
고속,3
입주,3
스튜디오크로,3
지정,3
할아버지,3
오늘,3
내재,3
이사회,3
일치,3
주문,3
육체,3
외계,3
맛,3
요리,3
즉시,3
검출,3
스페이스,3
결과물,3
작,3
저,3
줄,3
잠식,3
무,3
핏,3
상용차,3
우,3
좌석,3
실버프렌드,3
주택,3
스피,3
위급,3
비중,3
자세,3
학회,3
자원,3
철학,3
윤리,3
신뢰도,3
대화창,3
커피,3
편,3
프레임,3
볼륨,3
초,3
론칭,3
신흥,3
연내,3
전시장,3
중국인,3
본인,3
식별,3
안면,3
절약,3
탐지,3
권,3
반대,3
인격,3
논쟁,3
제도,3
화학,3
객관,3
정리,3
마이크,3
연습,3
신설,3
배포,3
축,3
차용,3
슈퍼,3
리모컨,3
청소기,3
본부장,3
상당수,3
블록,3
침투,3
주식,3
상,3
확정,3
선진국,3
편중,3
도래,3
폭발,3
텍,3
증상,3
편집,3
옆,3
응용,3
근거,3
점검,3
출력,3
신약,3
정밀,3
광고,3
순간,3
용량,3
육아,3
남자,3
여자,3
추구,3
동의,3
궁합,3
사옥,3
소설가,3
타인,3
발휘,3
관습,3
반,3
이제,3
어머니,3
보상,3
엄마,3
보통,3
동물,3
유회준,3
이내,3
테스트베드,3
우선,3
업그레이드,3
가스,3
먼지,3
형성,3
구성원,3
겉보기,3
물리,3
덕분,3
카탈로그,3
눈길,3
얼마,3
통상,3
이외,3
걸음마,3
힘,3
라,3
종류,3
수석,3
순위,3
톡,3
만족,3
재생,3
자녀,3
통로,3
제조사,3
상징,3
서,3
토너먼트,3
개입,3
플레이,3
결승,3
상금,3
수여,3
모색,3
다큐,3
열풍,3
눈앞,3
연속,3
공시,3
실증,3
형식,3
수퍼빈,3
과학부,3
물체,3
홍보,3
일종,3
조립,3
페스티벌,3
밸리,3
구별,3
지점,3
착용,3
행위,3
메뉴,3
의자,3
근육,3
고개,3
머릿속,3
적응,3
남,3
군중,3
아이템,3
정복,3
도구,3
승,3
본점,3
퍼,3
애플리케,3
부작,3
우울,3
동향,3
시비,3
시네마,3
단축,3
빅스비,3
빅스,3
현,3
주자,3
빈도,3
성장세,3
손상,3
하사비스,3
판매량,3
콘퍼런스,3
특집,3
시스템통합,3
신속,3
제국,3
테크,3
착점,3
잡지,3
기분,3
체,3
블록체인,3
세계컴퓨터바둑,3
절감,3
하락,3
경력,3
모집,3
용어,3
선거,3
투표,3
변수,3
추,3
건수,3
교체,3
유형,3
회전,3
미세,3
추천봇,3
도중,3
결혼,3
개발사,3
카드,3
사양,3
스크린,3
기상청,3
지수,3
동반,3
기상,3
중부,3
계약,3
주정차,3
팩스,3
가늠,3
분실,3
강판,3
집사,3
월드,3
콩그레스,3
확,3
협회,3
초점,3
위원,3
문제점,3
애초,3
볼보,3
콘셉트,3
멸망,3
당장,3
마트폰,3
예고,3
통째,3
냉방,3
퀵,3
헬프,3
거리,3
인물,3
사고력,3
회견,3
약점,3
파파,3
프로그래밍,3
이세,3
실리,3
국면,3
동기,3
역대,3
근본,3
아침,3
당파,3
중추,3
만일,3
네티즌,3
검은색,3
쇼핑몰,3
중간,3
단편,3
스페이,3
파이콘,3
비주얼,3
메뚜기눈,3
투자자,3
매수,3
국과수,3
수사관,3
검거,3
당기,3
순이익,3
세미나,3
문과,3
프린터,3
수단,3
캡처,3
ㄴ,3
주입,3
차관,3
워크,3
자회,3
논란,3
과학오,3
유방암,3
프로필,3
트윗,3
유대인,3
코스트,3
계급,3
위력,3
최고수,3
질주,3
자본주의,3
무한대,3
능가,3
초지능,3
증권사,3
대국장,3
출처,3
직종,3
경비,3
흑집,3
해설장,3
직,3
형세,3
표,3
고양이,3
메일,3
우위,3
바둑판,3
승무원,3
옵션,3
글로브트로터,3
볼보트,3
차종,3
스티어링,3
노동력,3
이모션트,3
저커버그,3
이혼,3
의지,3
투쟁,3
소방방재청,3
경보,3
농구,3
신발,3
쿠션,3
닥터맘,3
운영자,3
무선인터넷,3
암호,3
모터,3
핸들,3
운세,3
생선,3
세척액,3
유리창,3
인공위성,3
신입생,2
이수,2
실무,2
학교,2
졸업,2
입원실,2
중환자실,2
아들,2
동영,2
병동,2
환아,2
노,2
협업,2
출범식,2
응급,2
촉진,2
원활,2
취득,2
이목,2
연사,2
호응,2
스턴트,2
고객사,2
지구,2
배제,2
지도자,2
사칭,2
석,2
대응책,2
요인,2
거론,2
원본,2
가짜영상,2
촉구,2
연예인,2
전폭,2
연관,2
국어,2
발돋움,2
통행량,2
고성,2
시속,2
신호등,2
모,2
붐,2
부탁,2
크,2
동구,2
무상,2
지자체,2
퓨터,2
외국어,2
발음,2
와이파이,2
양재,2
문구,2
진행자,2
엔스,2
구사,2
사무실,2
국제기구,2
각료,2
만장,2
포용,2
권고,2
판결,2
리튬,2
혼란,2
빛,2
관측정,2
주민,2
정기,2
아트,2
코드,2
음향,2
엔지니어,2
아마추어,2
멜로디,2
기대감,2
편곡,2
가상악기,2
연주,2
싱크탱크,2
가트너,2
마크,2
선임,2
하만,2
미래형,2
뒷좌석,2
유기,2
발광다이오드,2
거스,2
전방,2
보조,2
애디언트,2
시트,2
서빙,2
매입,2
아리,2
지칭,2
외로움,2
독거노,2
해소,2
협조,2
특강쇼,2
화두,2
사회학자,2
성패,2
관건,2
유효,2
심포지엄,2
학술,2
과장,2
지능시대,2
관장,2
화폐,2
환전,2
공과금,2
렌즈,2
오픈해,2
추첨,2
부행장,2
인포콤,2
곡면,2
조형미,2
사이니지,2
철저,2
사운,2
올레드,2
보고타,2
거래선,2
윈,2
리미엄,2
퓨리케어,2
화웨이,2
커넥트,2
검색대,2
신분증,2
실물,2
항공권,2
비행기,2
탑승,2
굴기,2
체증,2
도출,2
제보,2
시행착오,2
법원,2
단기간,2
저항,2
관철,2
동원,2
처벌,2
밀착,2
갈등,2
긍정,2
체질,2
대변,2
마이너스,2
정지,2
내,2
로비,2
폐기,2
신입,2
부담,2
식품,2
부합,2
표절,2
소요,2
당락,2
가치관,2
호흡,2
주방,2
산하,2
가속도,2
헤드램프,2
파트너십,2
스포츠,2
캘린더,2
코앞,2
포털사이트,2
회,2
유행,2
사유,2
존중,2
곳곳,2
천하,2
성별,2
연령,2
에이브릴,2
충전,2
거부,2
노기술지도,2
로드맵,2
야,2
급변,2
상세,2
해커,2
수동,2
기술사이버안전,2
기술사이버안전센터,2
노텍,2
농촌,2
진흥,2
양계,2
축산,2
전염병,2
집단,2
완성도,2
뉴스판,2
커뮤니티,2
구독,2
처방,2
성분,2
복용,2
유해,2
헬스케어,2
아기,2
호소,2
촉각,2
대안,2
귀,2
점자,2
밥,2
부모,2
인터뷰,2
결론,2
터장,2
간호사,2
글자,2
팬,2
착수,2
건,2
마약,2
진정,2
감독관,2
연금,2
부당,2
목,2
안심,2
현주,2
포실이,2
스트레스,2
교류,2
본래,2
인구,2
궁극,2
처리장치,2
신경망칩,2
팩토리,2
정밀도,2
에너지효율,2
뉴런,2
회로,2
층수,2
슬픔,2
놀람,2
호감도,2
연환산,2
별,2
형태학,2
허블,2
숙련,2
후반,2
수도,2
기하급수,2
일자,2
자원부,2
알고리듬,2
허가,2
규정,2
다수,2
외신,2
아마,2
열대,2
쇼,2
성명,2
상위,2
전례,2
상담서비스,2
최적화,2
의료진,2
시설,2
설문,2
총책임자,2
그날,2
안팎,2
항,2
드라마,2
모드,2
거실,2
오븐,2
재료,2
쇼핑가이드,2
퓨전,2
관람,2
영민,2
박수,2
열기,2
욘,2
공대,2
독점,2
공과,2
내달,2
충실,2
진실,2
위원장,2
타사,2
와,2
통신망,2
제품군,2
원통,2
쓰레기,2
쓰레기통,2
수거,2
순환,2
주말,2
에,2
오프닝,2
다빈치,2
크리에이티브,2
즉흥곡,2
단선,2
어아트,2
언캐니,2
두,2
셋톱,2
박스,2
그때,2
내일,2
긴장,2
사고방식,2
환자분,2
통일,2
치매,2
삽입,2
리더,2
관심사,2
증대,2
플,2
한때,2
스타크래프트,2
이터,2
조짐,2
파티,2
체리,2
파이,2
저글링,2
떼,2
학살,2
그간,2
일시,2
전신,2
플래그십,2
서점,2
이마트,2
점포,2
관광지,2
구름,2
호시,2
커머스,2
국비,2
로봇암,2
인터페이스,2
양사,2
발판,2
제휴사,2
최대한,2
추격,2
격전,2
위주,2
라인업,2
신사업,2
저널,2
키워드,2
해마,2
신피질,2
피질,2
스마트워치,2
절반,2
네이,2
신중,2
수혈,2
영토,2
기점,2
거미줄,2
핏줄,2
욕구,2
요원,2
사업자,2
롱,2
종료,2
메모,2
한의사,2
실습,2
보완,2
한의학,2
사상,2
나머지,2
선장,2
정거장,2
언급,2
커제,2
승률,2
가중,2
사이언스,2
꽃,2
벌레,2
블록체,2
퍼스트,2
분산원장,2
전승,2
하산,2
각축,2
이탈,2
비스,2
은퇴,2
당초,2
오브레인,2
누리그림,2
오픈소스,2
선행,2
자격,2
접수,2
물음,2
뇌신,2
테러,2
구조물,2
유력,2
후보자,2
실체,2
바다,2
당선자,2
지지도,2
변동,2
의,2
지지,2
심,2
검색량,2
매체,2
합산,2
코룩,2
컬러,2
계절,2
거울,2
컨설팅,2
선별,2
퓨리,2
유산균,2
휘센,2
청정도,2
한눈,2
신세계,2
편의점,2
스타,2
할인,2
개개인,2
혼수,2
용품,2
세,2
탈피,2
어플리케이션,2
데뷔,2
엣지,2
압력,2
예보,2
유발,2
등급,2
주의,2
선진,2
암환자,2
전문의,2
최상,2
남봇,2
정차,2
정식,2
서면,2
구제,2
지방,2
자치,2
양식,2
단속,2
유료,2
마감,2
일환,2
수료,2
게임당,2
중도,2
비견,2
제곱,2
경,2
공모,2
제로,2
탈바꿈,2
포스코,2
금,2
획기적,2
고난,2
작업자,2
능률,2
가시,2
동,2
증,2
중소,2
토이,2
커머,2
스봇,2
취지,2
셜봇,2
외형,2
유아,2
시제품,2
상점,2
시스트,2
무례,2
실례,2
만점,2
뉘앙스,2
문법,2
급속도,2
재무,2
충돌,2
레이싱,2
터미네,2
트랙,2
씨앗,2
고속도로,2
좌회전,2
창업,2
요소,2
변형,2
오른,2
싱큐,2
청정,2
에어솔루션,2
가족,2
이국,2
검색어,2
알파벳,2
닥터,2
미래차,2
유이,2
지향,2
아이언맨,2
라인,2
일각,2
부인,2
자회사,2
널,2
당뇨,2
망막,2
병증,2
자각,2
통번역,2
두각,2
생체인증,2
걸음걸이,2
변조,2
이두,2
배열,2
최강,2
자랑,2
상변,2
불리,2
참고도,2
추궁,2
키틀로,2
옥,2
경영진,2
조심,2
반등,2
한편,2
지목,2
블,2
물론,2
회수,2
소폭,2
싸움,2
데뷰,2
법인,2
시스,2
아미카,2
부여,2
당사자,2
고안,2
주위,2
재산,2
개시,2
의무,2
휠체어,2
이성,2
억양,2
흰색,2
이틀,2
일임,2
조언자,2
로보어드바이,2
세계인,2
올림픽,2
마스터,2
페,2
스북,2
주가,2
비유,2
즈,2
입자,2
물리학,2
지난주,2
굿윈,2
배우,2
마이,2
사이파이,2
영화제,2
명단,2
태양샘,2
약속,2
브이,2
비밀리,2
학회지,2
보일러,2
본체,2
유도,2
메,2
기눈,2
공급,2
너즈,2
구입,2
매도,2
월간,2
증정,2
고등검찰청,2
형사,2
수사연구원,2
범죄자,2
수사,2
다각,2
세미,2
경청,2
인지컴퓨팅,2
어문,2
신서비스,2
비위,2
사후,2
산업군,2
이자,2
손해,2
배상,2
청구,2
창작물,2
개정,2
무단,2
복제,2
세력,2
악용,2
국방부,2
무기,2
살상,2
킬러로봇,2
미군,2
퀴,2
비판,2
오프셋,2
팅봇,2
성차,2
완승,2
이모,2
상식,2
고용,2
시어,2
채팅로봇,2
이모티콘,2
그중,2
상대방,2
법칙,2
단정,2
도입부,2
직후,2
공립,2
녀,2
스토리,2
손길,2
배면,2
바닥,2
수순,2
문명,2
기풍,2
정립,2
반전,2
출자,2
민관,2
변혁,2
오래전,2
굴복,2
전제,2
시중,2
믹스,2
다이내믹스,2
커런트,2
허사비스,2
해제,2
고리,2
임금,2
셀프,2
합동,2
열람,2
초월,2
잠재,2
추월,2
입신,2
실착,2
수로,2
불계패,2
양극,2
노무,2
완착,2
사설,2
번기,2
승부수,2
전세,2
판후,2
실업,2
스호,2
판세,2
팔,2
임의,2
각도,2
고서,2
원자수,2
말살,2
은폐,2
플라스틱,2
실리콘,2
보통의,2
블루,2
오르막길,2
도심,2
운행,2
연비,2
클러치,2
화물,2
다이내믹,2
인생,2
해답,2
행정직,2
유전학,2
계정,2
맨,2
커버그,2
보람,2
새해,2
전담,2
도요타,2
프랫,2
추락,2
킹,2
겉,2
계산기,2
누리,2
무리,2
질투,2
연인,2
개봉,2
예술품,2
손자,2
틀,2
생애,2
동물원,2
건조,2
순직,2
체력,2
겸비,2
복싱,2
뒤꿈치,2
회비,2
천재,2
일러스트레이터,2
오랄,2
스쿨,2
사이버로봇,2
권오,2
아우,2
아우방,2
방지,2
체어맨,2
트랜스폰더,2
컨트롤,2
유니트,2
브레이크,2
동적,2
토,2
분석기,2
교정,2
부착,2
바닷물,2
장마,2
앞유리창,2
빗물,2
진흙,2
반사,2
광학,2
적외선,2
이륙,2
퍼지,2
전자레인지,2
교과,1
화고,1
도약,1
학년도,1
전문교과,1
기술인,1
모듈,1
교원,1
중장기,1
스마트팩토리,1
홈로봇,1
린이병원,1
클로이,1
외래,1
진료실,1
무서움,1
위안,1
아동,1
호사실,1
이병원장,1
취약계층,1
도정회의실,1
도내,1
조난,1
물품,1
전달식,1
회화면,1
시군,1
복지사,1
야간,1
긴급,1
공지,1
용도,1
돌봄,1
계층,1
매니저,1
수화,1
사각지대,1
시범서비스,1
니채널,1
비대,1
전시부스,1
와이즈,1
처별,1
막나,1
진위,1
판별,1
프,1
칼리닌그라드,1
인근,1
사망자,1
인명,1
핵보,1
유국,1
통수권자,1
좌충,1
우돌,1
호전,1
의심,1
보안업체,1
일례,1
사회당,1
탈퇴,1
분노,1
유명인,1
석상,1
포르노물,1
범람,1
와중,1
엑소브레,1
베이스,1
룩스,1
오픈이노베이션,1
장학퀴즈,1
유니콘기업,1
딥러닝,1
내비,1
구간,1
듀,1
주립대,1
시간대,1
내외,1
선제,1
의선,1
기업인,1
답해,1
만찬장,1
재일,1
조선,1
무역,1
보복,1
오갈지,1
도공동체,1
에너지공동체,1
경제공동체,1
공동체,1
대기업,1
자금력,1
처,1
당부,1
기업가,1
열정,1
아이디어,1
유니콘,1
민,1
대변인,1
서면브리핑,1
재계,1
정원,1
성락원,1
여행도우미,1
핫스팟,1
국제여객터미널,1
대여,1
쳐,1
혁,1
특구,1
무산,1
말투,1
합술,1
타입캐스트,1
복원,1
오디오북,1
엔터,1
먼트,1
회관,1
모두의연구소,1
할머니,1
어르신,1
오랫동안,1
일방,1
양방향,1
기구,1
성과물,1
서명,1
투명,1
내포,1
민원기,1
사무총장,1
회계,1
계약서,1
소액,1
수년,1
이온,1
진짜,1
야기,1
부침,1
전환점,1
질서,1
법률가,1
바질,1
농작물,1
재배법,1
관측데이터,1
질산,1
성질소,1
한경,1
서부,1
자동관,1
전역,1
채수,1
보전,1
국장,1
전위,1
콰,1
조각,1
컬프처팩토리,1
화음,1
곡조,1
불안감,1
추상,1
앨범,1
디지털오디오기기,1
대중가요,1
데모곡,1
기타,1
전적,1
일반인,1
입문,1
마지노선,1
심경,1
밥벌이,1
거,1
커넥티드카,1
운전석,1
조수석,1
앞좌석,1
도어벨,1
수주,1
컨벤션,1
다목,1
이프스타일,1
혁신가,1
홍수,1
서빙봇,1
맥주,1
사회자,1
가이드봇,1
휴식,1
청중,1
시에스타,1
자문자답,1
객석,1
웃음,1
홀몸노인,1
말벗,1
홀몸노,1
순차,1
공유기,1
셋톱박스,1
안부,1
연장,1
사업장,1
독거,1
거주,1
고령가구,1
유관,1
주거,1
빅뱅,1
내성,1
한번쯤,1
효용,1
주형,1
겐,1
레이,1
제정,1
보건,1
과학사,1
협동,1
하이뱅킹,1
원화,1
지로,1
수납,1
초간편,1
별칭,1
예금,1
적금,1
상담지원봇,1
손님,1
머니,1
선착순,1
납부,1
거래시,1
예적금,1
스타벅스,1
쿠폰,1
간편적금,1
금리,1
혜택,1
명실상부,1
금융비서,1
실험장,1
항공,1
판독기,1
생년월일,1
응시,1
일치율,1
상해,1
어차,1
항공편,1
항공사,1
라운지,1
종이,1
신분,1
국내선,1
보안과,1
승객,1
대기,1
보행자,1
출근길,1
흡연,1
졸음,1
합작,1
플리케,1
차단,1
법무,1
퍼포먼스,1
법조,1
변호,1
사보,1
검사보,1
지위,1
인턴,1
불편부당,1
동일처벌,1
비난,1
반발,1
조장,1
양편,1
동일범죄,1
로직,1
모순,1
남불,1
전방위,1
시행령,1
법안,1
폐지,1
필연,1
정당,1
공채,1
미흡,1
석유,1
소개서,1
직무,1
입사자,1
자기소개서,1
일주일가량,1
보수,1
자기소개,1
웹캠과,1
채용사이,1
사람인,1
구직자,1
부담감,1
응답자,1
모의,1
음색,1
색상,1
의구심,1
전치,1
사내,1
패키지,1
모듈화,1
리눅,1
수트,1
하체,1
근력,1
커넥티비티,1
울트라,1
플랫폼인,1
스마트기기,1
허브,1
스마트조명,1
바바,1
텐,1
박,1
이례,1
오해,1
계단,1
셜,1
익살,1
반문,1
파괴,1
기우,1
체인,1
소매,1
미아,1
척척,1
베타,1
폐쇄회로,1
동선,1
프로모션,1
바이오팜,1
안아파트,1
스카우트,1
의료원,1
항생제,1
데스,1
인공장기,1
개발촉진법,1
기술자문회,1
심의회의,1
노융,1
합산업,1
양적,1
극미세,1
나노공정,1
선명,1
정보연구원,1
변종,1
사이버위협,1
정규화,1
송중석,1
사이버안보,1
이노텍,1
네트워크카메라,1
축사,1
방역,1
가금,1
센싱,1
발육,1
출하,1
감염,1
사육,1
조류,1
플루,1
산,1
계측,1
개체,1
농가,1
근,1
원장,1
소장,1
학원,1
뉴스탭,1
추천탭,1
첫화면,1
섹션,1
티스토리,1
카페,1
인스티즈,1
보배드림,1
인벤,1
텐츠,1
선호도,1
이력,1
자신감,1
조제,1
약리,1
식이,1
요법,1
가설,1
영문,1
인체,1
약효,1
투약,1
제약,1
과기정통부,1
바이오리파이너리,1
니셔티브,1
유성,1
버튼식,1
밥솥,1
필수가전,1
직수,1
젖병,1
진땀,1
고충,1
인덕션,1
화구,1
가스레인지,1
비장애인,1
간극,1
진북클럽,1
미안,1
소외,1
애인연합회장,1
간담,1
미래상,1
기자실,1
홈팟,1
흑인,1
고릴,1
능,1
기지국,1
찰,1
엔씨소,1
미디어토크,1
소프트,1
게시판,1
엔씨소프트,1
토크,1
밑,1
지능랩,1
참여형,1
간추,1
잼,1
침범,1
억압,1
오피스,1
잡스,1
채식,1
매뉴얼,1
지동설,1
종교,1
재판,1
가택,1
서얼,1
왕조,1
능지처참,1
부관,1
참시,1
유익,1
거리낌,1
파격,1
순식간,1
다시말,1
만사,1
앞발,1
캐,1
종일,1
훗날,1
개,1
성질,1
자식,1
학습법,1
아빠,1
평상시,1
터치스크린,1
저전력,1
이때,1
트폰상,1
중립,1
정량,1
회선,1
재귀,1
시현,1
은행장,1
좌,1
친절,1
완결,1
맞춤형,1
펀드몰,1
로보,1
배분,1
휴먼테크,1
시즌,1
자산배분,1
점령,1
천문학인,1
외계생명체,1
조수,1
학문,1
헬멧,1
성운,1
환상,1
태양,1
행성,1
성간,1
암흑,1
팽창,1
타원,1
몫,1
의존,1
원로,1
오퍼,1
유학,1
가이드,1
이득,1
약품안전처,1
가이드라인,1
편향,1
전향,1
과대,1
파이낸,1
우림,1
니콜라,1
출신,1
볼,1
하프,1
타임,1
공연,1
타이틀,1
기술데이터과학,1
기념비,1
포진,1
성취,1
톡톡,1
부대,1
아이콘,1
클릭,1
집주인,1
청소,1
대대적,1
베,1
프레스컨퍼런스,1
허프,1
이어폰,1
투어,1
씽,1
플레이리스트,1
경계,1
포터,1
카트,1
스타필,1
슈퍼마켓,1
첫선,1
야심작,1
홍보도우미,1
유기발광다이오드,1
사운드바나,1
시너지,1
존,1
전자업계,1
집결,1
전시존,1
축소,1
스위트,1
세탁실,1
트윈워,1
조리,1
안내로봇,1
청소로봇,1
잔디깎이,1
글로벌마케팅,1
스타일,1
결승전,1
양팀,1
빨강,1
파란색,1
정육,1
면체,1
팀당,1
골,1
골문,1
좌충우돌,1
득점,1
구석,1
우승컵,1
장려상,1
수상자,1
탐사,1
중심지,1
그래픽칩,1
대가,1
교내,1
결승리그,1
당일,1
평가단,1
예선,1
예측력,1
유창,1
짜임새,1
가독,1
대학장,1
기가지,1
패밀리,1
스마트워,1
키즈워치,1
카돈,1
밀리암페어시,1
지원금,1
실구매,1
사물간,1
수퍼,1
캔,1
페트병,1
압착,1
자판기,1
놀이,1
공원,1
친환경,1
숲박스,1
보존,1
데모,1
도우미,1
데이,1
품,1
세트,1
활용법,1
숙지,1
브릴,1
어항,1
건반,1
음표,1
음계,1
시선,1
공장,1
테크놀로,1
신진,1
축제,1
골짜기,1
거부감,1
모리,1
주창,1
합성바이올로지,1
테크놀로지,1
여신,1
동명,1
모티브,1
러스,1
조이스틱,1
함축,1
탐구,1
친밀,1
자행,1
간접,1
건축가,1
놀리,1
미니어처,1
건축물,1
가상공간,1
오큘러스,1
형무소,1
대명사,1
잔액,1
홈화면,1
제공사,1
로주문,1
새,1
어깨,1
심호흡,1
반인공,1
신경외,1
단기,1
겁,1
알코올,1
발병,1
건망증,1
인간관계,1
제정신,1
그사이,1
좌절,1
제자리,1
식물인간,1
안락사,1
뺨,1
땀,1
뇌파,1
피드백,1
불시,1
퇴행,1
말씀,1
냉정,1
증거,1
서치,1
유통량,1
능동,1
고위,1
싸이월,1
싸이,1
음원,1
커뮤니케이션즈,1
종업원지,1
주회사,1
이월,1
잠재력,1
입증,1
심리,1
온라인게임,1
재현,1
체리파이,1
상대편,1
입구,1
커맨드,1
다중,1
순식,1
국제회의,1
활약,1
상륙,1
소프트뱅,1
현존,1
장애물,1
영업부,1
명동,1
창구,1
합정점,1
도서,1
본관,1
균실,1
병실,1
다큐프라,1
다큐프,1
임,1
방영,1
카우치,1
역설,1
외국법,1
음향학,1
멀티미디어방송심사팀장,1
디,1
확산,1
시네마로,1
촬영스튜디오,1
네마,1
블록버스터,1
군함,1
제작비,1
제작실,1
보강,1
고부가,1
영상물,1
카오내비,1
카오,1
특,1
건설,1
스코건설,1
건설사,1
아파트,1
외연,1
멜론고,1
라이벌,1
이동성,1
컨트롤타워,1
필두,1
행보,1
카테고리,1
개척,1
과언,1
대수,1
유통망,1
후발,1
쇼메,1
피팅,1
픽업,1
생일,1
독서,1
교통편,1
배송,1
제과,1
푸드,1
양적성장,1
정책학회,1
디지털융복합,1
논문데이터,1
자릿수,1
급증,1
국소,1
총체,1
서로,1
회상,1
해변,1
빈약,1
일관,1
예시,1
영감,1
출시일,1
특별가,1
가성비,1
테더링,1
멜,1
맵,1
배달,1
멜론,1
이용권,1
직전,1
인건비,1
직접,1
불꽃,1
학사,1
인원,1
물자,1
통치자,1
도시로,1
본연,1
책임하,1
조달,1
코레일,1
예매,1
정보통신,1
토털,1
뱅크,1
담당자,1
반말,1
익,1
모독,1
협박,1
먹잇감,1
대개,1
폭언,1
핵심어,1
사투리,1
평가실,1
이직,1
온콜로지,1
한의,1
한의학전,1
교육부,1
재단,1
이공학,1
전전자교,1
환기,1
진단전문가시스템,1
디스크운영체제,1
중풍,1
진단프로그램,1
한방,1
한의원,1
형상,1
메모리,1
마무리,1
애저,1
공백,1
산책자,1
출간,1
자존심,1
목숨,1
추억,1
결정체,1
예언,1
기원,1
자격증,1
전인미답,1
동료,1
산물,1
궤적,1
흔적,1
비례,1
이식,1
인문학,1
잔고,1
영업점,1
답안,1
선택지,1
핀테크,1
재편,1
디지털금융,1
컨버세이션,1
참여자,1
중개,1
컨소시엄,1
코다,1
중국,1
전선,1
구도,1
김,1
허사,1
텐센트,1
드왕고,1
줴,1
젠,1
모태,1
냉난방,1
신소재,1
존재감,1
처녀,1
그해,1
미림,1
곡배,1
정상급,1
위상,1
무장,1
비법,1
소스,1
텐센,1
체득,1
결정전,1
퇴장,1
일할,1
미래기술,1
현대차,1
합병,1
정규,1
졸업자,1
우대,1
합격자,1
다큐멘터리,1
근간,1
매커니즘,1
힌트,1
제작진,1
창조물,1
연구실,1
오감,1
후각,1
미각,1
육감,1
진상,1
초연결,1
도처,1
금융망,1
엉망,1
방어,1
어스톱,1
벽돌,1
군대,1
마비,1
폐렴,1
광기,1
정신병,1
패킷,1
물결,1
전염,1
광신,1
공약,1
메이커,1
호명,1
광,1
사욕,1
욕망,1
석좌,1
소셜,1
문재,1
뼈대,1
국민의,1
국당,1
심상정,1
닷새,1
주동원,1
돼지,1
발정제,1
후보의,1
당선확률,1
게시글,1
발끝,1
뒷모습,1
핏과,1
스타일링,1
소프웨어,1
체형,1
피부톤,1
천차만별,1
만족도,1
미지수,1
딜,1
분석가,1
불량,1
감별,1
트랜스포메이션,1
김치,1
슬림,1
정수,1
위생,1
청정램프,1
필터,1
사용량,1
좌측,1
백분율,1
우측회전,1
전력량,1
초미세먼,1
먼,1
무용지물,1
얼굴이,1
무한도전,1
글귀,1
전용앱,1
잔,1
원두,1
회사원,1
아내,1
아웃도어,1
문답,1
향,1
분석기술,1
계판,1
백화,1
점업,1
전단지,1
업계최초,1
여간,1
장르,1
주기,1
산출,1
매니지먼트,1
매칭,1
어플,1
추후,1
적중,1
연간,1
유통업,1
삼,1
명예,1
관전,1
전작,1
당면,1
악몽,1
호스트,1
언팩,1
교훈,1
결자,1
관심거리,1
대신증권,1
제기,1
불명예,1
초래,1
홈버튼,1
비결,1
봄철,1
위험도,1
고농도일,1
고농,1
위험일,1
실효,1
꽃가루농도,1
낮,1
산림,1
녹지,1
국형,1
비염,1
유병,1
청장,1
건양,1
전경,1
비추천,1
메모리얼,1
슬론,1
케터링,1
더,1
다학,1
병행,1
협진,1
전문기업,1
자가,1
질문자,1
궁금증,1
원봇,1
적발,1
진술,1
다운로드,1
우편,1
벤치마킹해,1
빈번,1
다방면,1
저변,1
본,1
라이브러리,1
무료,1
인증서,1
엔비디,1
급부상,1
엔비,1
초석,1
신청자,1
폭주,1
프라,1
렐,1
공과대,1
연맹,1
즈업,1
갯수,1
블라인드,1
천분율,1
유의도,1
포기,1
유의,1
우연,1
듭제곱,1
수록,1
기학습,1
우수선도,1
상수도,1
스마트제철소,1
기술진,1
트제철소,1
제철소,1
시스템경,1
업,1
과학연구원,1
산학연,1
쾌거,1
자동차강판,1
조업,1
균일,1
두께,1
숙련도,1
고가,1
아연,1
과도,1
금량,1
원가,1
부하,1
경감,1
철강,1
공기업,1
업기술평가관리원,1
술평가관리원,1
술평가,1
관리원,1
산업부,1
기술개발,1
트공장,1
술,1
증착,1
고출력,1
일차,1
전지,1
수입,1
의존도,1
중견,1
도모,1
순회,1
팻,1
토이봇,1
탁상,1
받침,1
화장,1
손바닥,1
소셜봇,1
니,1
퓨처,1
봇사,1
데스크,1
담요,1
이불,1
대소변,1
어법,1
원문,1
독음,1
조찬회,1
사고보고서,1
보험금,1
방카,1
슈랑스,1
점진,1
대면,1
수당,1
고비용,1
병원간,1
부가,1
건강리스크,1
선사,1
묵시,1
스카이넷,1
던트,1
이블,1
화룡,1
점정,1
포뮬라,1
창설,1
데,1
테스트카,1
포뮬,1
시승,1
경로,1
카메,1
녹색불,1
차선,1
우회전도,1
화살표,1
이동식,1
차단블록,1
우회,1
모바일월드콩그레,1
합의,1
걸기,1
차기작,1
비키,1
안진회계법인,1
어순,1
우미,1
타자,1
케어,1
장가량,1
사계절,1
부장,1
네,1
춤,1
식당,1
명소,1
야경,1
인입,1
분수쇼,1
양질,1
경유지,1
총거리,1
리뷰,1
여행기,1
표음,1
고장,1
해결책,1
애프터,1
이용자별,1
밝기,1
해상도,1
닥,1
수리,1
지능카,1
프레스,1
콘셉트카,1
운전자인,1
집중도,1
주시,1
장시간,1
집중력,1
차량문,1
날개,1
색깔,1
녕,1
자막,1
태스크,1
팀명,1
앞글자,1
글로벌총괄,1
신저,1
셀,1
시상식,1
승자,1
복잡,1
예문,1
나무,1
열매,1
도흘율자,1
밤나무,1
간체,1
곁,1
퍼스널,1
문헌,1
혼합,1
아미,1
루빅스,1
만남,1
포켓몬고,1
기대주,1
급성장,1
정맥,1
분포,1
규격,1
쌍둥이,1
관형어구,1
스님,1
복,1
직역,1
구문,1
최강자,1
출장,1
렛,1
런파크배,1
신진서,1
종말,1
컴백,1
상대자,1
접바둑,1
공산,1
딥젠,1
호선,1
장래,1
백이,1
눈목자,1
후수,1
실전,1
좌변,1
알뜰,1
봉쇄,1
흑대마,1
중심기기,1
리더십,1
확정치,1
무선부문,1
태블릿,1
품목,1
접,1
케이스,1
규명,1
임시,1
주주,1
총회,1
마트폰부문,1
확정실,1
최저,1
잠정실적,1
수정실,1
환불,1
재고,1
고부,1
증권가,1
적자,1
견인,1
타격,1
견조,1
임계점,1
공룡,1
인사말,1
의장직,1
지향점,1
북,1
매진,1
과물,1
미카,1
통역앱,1
선선,1
송,1
칩셋,1
아틱,1
유치원,1
운,1
전산학자,1
재능,1
초보자,1
손가락,1
연주법,1
연주가,1
인지시,1
간과,1
인격화,1
분리,1
경향,1
다리,1
시공,1
버그,1
과오,1
벌레인,1
미화,1
증폭,1
집계,1
뒷받침,1
최다,1
상표디자,1
심사국장,1
멀티비츠,1
인터,1
레저,1
코너,1
전후,1
격려,1
인내력,1
위인,1
명언,1
루,1
대병원,1
진전,1
병원장,1
내로봇,1
외과,1
전산,1
운영팀,1
제작사,1
진단서,1
증명서,1
간호,1
사본,1
상단,1
송출,1
눈높이,1
높낮이,1
다짐,1
중후반,1
성우,1
섭외,1
발화량,1
ㅌ,1
ㅋ,1
아리랑,1
적합도,1
사각,1
물량,1
완판,1
수량,1
초보,1
화자,1
트베드,1
일임업,1
심의,1
프라이빗뱅킹,1
쿼터백자산,1
현행법,1
금융위,1
란토,1
앵무새,1
의사소통,1
중의,1
환율,1
동계,1
인터페,1
알고리즘페드,1
밍,1
니스북스,1
쪽,1
나열,1
저격,1
등락,1
유권자,1
버락,1
재선,1
신러닝,1
입문서,1
수식,1
령어,1
집합,1
기호주의자,1
연결주의자,1
진화주의자,1
유추주의자,1
종족,1
연역법,1
역전파,1
서포트,1
벡터,1
분자,1
생물학,1
판단력,1
자위,1
스스로,1
독창,1
클릭하세,1
유명세,1
미들디치,1
출연,1
출,1
시리즈물,1
파일,1
트렉,1
리티,1
리포트,1
콘테스트,1
젯,1
소품,1
기한,1
출품,1
양샘,1
위원단,1
상위작,1
휴고,1
클라크상,1
카디건,1
짓,1
최고점,1
사비,1
트홈,1
전자기,1
발행,1
내장,1
입수,1
현미경,1
불,1
트레이,1
보일,1
콘센트,1
다리미,1
한동안,1
의향,1
색,1
판매자,1
스토어,1
증진,1
제공사이트,1
증권,1
코스피,1
코스닥,1
적정,1
보어드바이,1
분,1
차트,1
시그널,1
림,1
손절매,1
명품,1
지갑,1
핸드백,1
반지갑,1
익월,1
일요일,1
중복,1
당첨,1
다운,1
피해자,1
대책,1
집회,1
감원,1
연락,1
성문,1
보이,1
근절,1
명칭,1
동일인,1
유출,1
킴,1
제보자,1
포상금,1
주역,1
데이터마이닝,1
인포,1
불황,1
처리기술,1
강의,1
강연자,1
뇌과학자,1
회늘,1
신성장,1
공감대,1
구본무,1
고사,1
실감,1
유식,1
개발원,1
차석,1
디스,1
악수,1
오픈마켓,1
호출,1
견습생,1
부흥,1
메카,1
내년도,1
화서도시,1
경합,1
공증인,1
문제지,1
답안지,1
배출,1
에세이,1
등수,1
산입,1
명문,1
칭화대,1
입학,1
시금석,1
후보군,1
파급,1
만능,1
싼값,1
멘토,1
기호,1
식사,1
운동법,1
가사도우미,1
디바이,1
스마트웨어,1
등,1
출국,1
면담,1
연구자분,1
유의미,1
총리,1
니혼,1
현행,1
저작물,1
도용,1
방지법,1
금지,1
주체,1
단시간,1
권리자,1
만회,1
혼,1
난달,1
회견장,1
동부,1
검찰청,1
대회의실,1
동부지검,1
국정원,1
넷진흥원,1
킬러,1
무인기,1
살인,1
면허,1
표명,1
사이버전,1
생사,1
위임,1
양면,1
군비,1
크사,1
전투로봇,1
경쟁국,1
상쇄,1
국방,1
장관,1
위성,1
위치확인,1
로렌즈,1
마우스,1
터칭,1
몸짓,1
터페이스,1
메타,1
막말,1
채팅봇,1
음성비,1
메시징,1
카이프,1
예감,1
유감,1
미달,1
통보,1
여배우,1
가슴,1
난소,1
절제,1
난,1
가족력,1
꼴,1
상의,1
발암,1
평생,1
식습관,1
치명,1
질환,1
차별금지법,1
사만,1
캡쳐,1
내밀,1
후반부,1
시어도어,1
품격,1
소지,1
일탈,1
스냅챗,1
인스타,1
램,1
셜미디어,1
미국인,1
청소년,1
움짤,1
대주의,1
원숭이,1
재갈,1
삭제,1
잠,1
고의,1
참패,1
예속,1
농민,1
상민,1
노비,1
굴욕,1
논증,1
외교,1
본연의,1
구차,1
대전,1
생화학,1
재설정,1
소멸,1
동서양,1
천한,1
양립,1
보고회,1
신이,1
신이치,1
대략,1
형용사,1
나,1
사토,1
스토리오,1
관용,1
가속기,1
놀라움,1
개수,1
소자,1
면제,1
격찬,1
침입,1
염려,1
포석,1
정석,1
격언,1
집착,1
자질,1
계산력,1
통용,1
움,1
뒷맛,1
높이뛰기,1
막대,1
금메달,1
언어지능,1
점유,1
정보산업,1
광의,1
미래부,1
결집,1
압축,1
녹색,1
경지,1
가세,1
수명,1
후손,1
혼란기,1
돌파구,1
온라인상,1
수수료,1
퇴직,1
로그,1
반기,1
재배분,1
데이터앤애,1
리스틱스,1
쿼터,1
백투자자문,1
신탁,1
쿼터백,1
스타트,1
후반대,1
틱웨어,1
일드,1
창업자,1
브린,1
지주,1
은유,1
감격,1
미지,1
여타,1
경쟁사,1
차국,1
과실,1
연방,1
지지자,1
시위,1
변호사,1
회계사,1
고수익,1
안전지대,1
지능도,1
생계,1
재화,1
전념,1
비참,1
고고,1
매개,1
분배,1
투자가,1
밴처,1
자본가,1
지지세,1
주거비,1
식비,1
충당,1
가혹,1
속죄,1
잉여,1
유토피아,1
전직,1
대조,1
러그,1
암세포,1
치신문,1
기고문,1
서적,1
당혹감,1
푸념,1
지성,1
직장인,1
파고,1
농담,1
진담,1
틔움,1
주인,1
슬,1
매카피,1
모욕,1
설계자,1
저널리스트,1
고찰,1
엔지니어링,1
디렉터이자,1
미래학자,1
나노공학,1
필적,1
혼신,1
완패,1
국기원,1
프로기사,1
벼랑,1
어제,1
행운,1
딴판,1
공격수,1
쎈돌,1
수비,1
주무기,1
돌발,1
방패,1
경솔,1
역전패,1
패착,1
호불호,1
걸음,1
끝내기,1
항복,1
연패,1
승착,1
상중앙,1
알토란,1
비세,1
차전,1
취재,1
송고,1
빈자리,1
최강자급,1
프트웨어정책,1
프로바둑,1
시일,1
소프트웨어정책,1
쇠퇴,1
퓨리서,1
경제학자,1
지형,1
임금격차,1
무시,1
전율,1
지적게임,1
기선,1
덤,1
집반,1
의외,1
행마,1
벽,1
방증,1
극복,1
경의,1
도도,1
모험,1
도발,1
뚜껑,1
동요,1
맞대응,1
평정심,1
의문수,1
정선,1
기량차,1
첫판,1
발현,1
소홀,1
개인비서,1
현주소,1
미증유,1
대회장,1
포시즌,1
계패,1
최정,1
상급,1
접전,1
좌중앙,1
다소,1
우변,1
장고,1
서치팀,1
브레인,1
시니,1
펠,1
스트베드,1
명시,1
통칭,1
표지판,1
글씨,1
음높이,1
말뜻,1
리플,1
답장,1
응용프로그래밍,1
텐서플로,1
공통,1
맞대결,1
름,1
해여,1
환갑,1
비약,1
신경회로망,1
가치망,1
수학자,1
다트머스,1
주요국,1
통찰력,1
보루,1
성원,1
기상천외,1
난전,1
일비,1
고봉,1
환호,1
문제일,1
두터움,1
경악,1
경제포럼,1
눈물,1
윤택,1
동반자,1
퀴즈왕,1
암치료,1
응전,1
화합,1
고장원,1
픽션,1
흑심,1
호주머니,1
뚱딴지,1
군림,1
씨,1
어린아이,1
취급,1
살해,1
애니메이션,1
공각,1
인형사,1
별명,1
의체화,1
금속,1
몸체,1
기편,1
회유,1
딥마,1
하사,1
화상,1
능수,1
란,1
술수,1
돌출,1
사정,1
가재,1
뇌신경,1
고리듬,1
모사,1
합체,1
생물,1
피로감,1
굴레,1
강박,1
피로,1
동식물,1
염기,1
해독,1
허,1
버너,1
빈지,1
후원,1
결투,1
후이,1
문명사,1
절정,1
카드놀이,1
윷놀이,1
입자수,1
신비,1
대접,1
혹자,1
각인,1
일본식,1
전성기,1
종반,1
국지,1
착각,1
냉혈,1
묘수,1
기어,1
손실,1
극대,1
내구,1
체감,1
소음,1
유류,1
액체,1
운송,1
진가,1
에어백,1
조향,1
조사각,1
시인,1
바이제논,1
헤드라이트,1
손색,1
오션레이스,1
가짓수,1
첫,1
가지,1
곱,1
순시대,1
옛사람,1
하늘,1
천원,1
천고,1
혜안,1
요지경,1
바둑룰,1
흉내바둑,1
전술,1
체면,1
승부욕,1
용납,1
그때그때,1
올인,1
난공,1
불락,1
치부,1
대국장면,1
의기양양,1
최정상,1
손근기,1
족탈,1
불급,1
다행,1
강자,1
박스무트,1
영원,1
숙제,1
무한,1
퀀텀,1
이율배반,1
아날로그,1
모델링,1
인공물,1
재생성,1
괴델,1
연재,1
신흥국,1
바이오,1
평등,1
최악,1
유통업자,1
가게,1
게시,1
저커버,1
페이,1
실마리,1
보컬아이큐,1
승인,1
심리학자,1
개척자,1
내면,1
노릇,1
스타크,1
벨,1
기술자,1
메신,1
메신저상,1
결심,1
공언,1
수도고속도로,1
렉서스,1
출범,1
리서치,1
이노베이션,1
거점,1
자문역,1
프랫이,1
고령자,1
존엄,1
노후,1
토요,1
풍요,1
수장,1
확신,1
확충,1
단독,1
하위,1
절대,1
무인차,1
둔화,1
증가세,1
트저널,1
드로,1
클라우드,1
안드로,1
외면,1
처지,1
사생활,1
방점,1
연습지,1
유추,1
스코어,1
착한,1
물리학자,1
강제,1
사악,1
악,1
대다수,1
단시일,1
직면,1
난관,1
외모,1
경탄,1
영혼,1
평화,1
심성,1
곱셈,1
구구단,1
논리회로,1
철학자,1
퀴즈쇼,1
우승자,1
북쪽,1
중관춘,1
건물,1
홍보부,1
버스,1
기차표,1
공평,1
휴일,1
귀띔,1
질월드컵,1
진출국,1
장악,1
문인,1
신기질,1
쌍벽,1
옥안,1
천번,1
구절,1
비아냥,1
연예,1
성관계,1
대화상대,1
라디오,1
부부,1
싸,1
치졸,1
만다,1
단면,1
성찰,1
즐거움,1
로맨스,1
각본,1
말코비치,1
테이션,1
스파이,1
단조,1
연기,1
상영,1
죽음,1
대항,1
용기,1
살,1
뼈,1
향방,1
개회,1
연설문,1
지능물,1
대립,1
전개,1
어바나,1
실험실,1
약자,1
착오,1
자손,1
선조,1
링,1
튜링,1
표출,1
꼭두각시,1
시사점,1
최선,1
전문지,1
리얼타,1
침,1
셀린저,1
히트작,1
종적,1
은둔자,1
간격,1
중편,1
생업,1
최신작,1
하드,1
겹,1
세컨드,1
라이프,1
아바타,1
디지언트,1
원래,1
근무,1
사육사,1
폐쇄,1
고심,1
게놈,1
애니,1
데이터어스,1
애정,1
검색창,1
에어필터,1
보증,1
습기,1
장마철,1
빨래,1
여름철,1
곰팡이균,1
세균,1
영,1
사단,1
안심마크,1
천식,1
겨냥,1
선풍기,1
전기료,1
대원,1
심신,1
위치추,1
가연,1
지휘소,1
창고,1
시설물,1
설계도,1
초등학생,1
안전부,1
초등부,1
사이버상,1
고등부,1
중등부,1
지털미디,1
명,1
학식,1
대학원,1
술원,1
등산,1
동메달,1
자부심,1
강철,1
연안,1
해양,1
막판,1
수모,1
티켓,1
스템,1
친숙,1
연방우주청,1
임무,1
결격,1
낙점,1
귀환,1
원정대,1
페기,1
윗슨,1
밑창,1
크로프로,1
세서,1
착용자,1
드리블,1
점프,1
착지,1
직영점,1
족,1
생활가전,1
전기면도기,1
컴플리트,1
제출,1
본선,1
토고전,1
입장권,1
왕복,1
면도,1
찬사,1
러스트레이터,1
그림체,1
고정,1
스타급,1
구강,1
미만,1
치아관리,1
치아,1
검진,1
특권,1
새드,1
무비,1
이색,1
새드무비,1
휴가,1
방명록,1
나중,1
주인장,1
홈피인,1
방문객,1
대화로봇,1
자연어처리,1
이월드,1
플래닛,1
엠파스,1
휴가철,1
일밀리미,1
랑,1
놀기,1
월정액,1
통화료,1
료,1
부과,1
국산,1
라이저,1
도난,1
세단,1
프로젝트명,1
손잡이,1
판독,1
매그너스,1
그레이드해,1
탐색,1
사거리,1
교차로,1
기아,1
쏘렌,1
내리막길,1
액셀레,1
페달,1
습관,1
마모,1
단수,1
주차,1
위험물,1
유무,1
경고음,1
도어,1
발명가,1
이동장치,1
올해말쯤,1
발명품,1
극찬,1
지면,1
할애,1
세그,1
표방,1
앞뒤,1
마법,1
발명자,1
대학교,1
주사,1
펌프,1
기술상,1
인용,1
일류,1
스쿠터,1
성인,1
한번,1
구동,1
전동,1
충전지,1
전원,1
크로프로세서,1
전진,1
역회,1
오른쪽,1
척,1
토이트론,1
펭귄,1
흐,1
수다,1
간지럼,1
번,1
크리스마스,1
핑크색,1
팀인공지능,1
뒷면,1
굴곡,1
레이저기기,1
깊이,1
고생,1
부정난시환자,1
시술법,1
릴,1
괴물,1
뇌수,1
복판,1
지능지수,1
전트,1
수중,1
사투,1
차세,1
총,1
분별,1
잠금,1
탈출구,1
모형상어,1
공포감,1
잔혹,1
식,1
출몰,1
심연,1
론,1
쿨,1
클리프,1
레니,1
야심,1
배장,1
빗줄기,1
강약따라,1
먼지낄때,1
지루,1
여름,1
가랑비,1
장대비,1
앞차,1
전자동,1
시야,1
창밖,1
수분,1
산란,1
적외선수,1
칼럼니스트,1
효과적사람,1
길안내,1
업대,1
관야,1
도부,1
시비행장,1
경유,1
명령어,1
지구측정,1
풍경,1
수년후,1
특파원,1
중형,1
이달말,1
시판,1
최다인,1
요리사,1
곤란,1
세분,1
권장,1
소비자가격,1
