지능,3660
인공,3503
기술,1849
말,1393
서비스,1184
개발,1168
기업,1013
사람,990
인간,977
정보,863
로봇,834
연구,750
세계,735
분야,662
컴퓨터,640
분석,602
시장,570
데이터,558
고객,552
투자,544
가능,534
인식,534
활용,531
음성,530
산업,518
교수,515
때,497
제품,489
인터넷,479
학습,445
업체,439
게임,436
기능,434
구글,428
시스템,419
국내,412
전자,403
이용,403
다양,391
미래,390
제공,384
최근,368
시간,356
올해,352
기계,351
문제,348
일,347
회사,345
프로그램,344
자동차,342
적용,322
수준,321
기기,319
대표,319
지난해,317
계획,316
바둑,315
사업,314
필요,309
시대,308
스,308
사용,305
알파고,301
영상,299
출시,294
앞,290
전,288
관련,288
능력,287
이상,286
사진,285
생각,284
결과,282
시작,280
경우,278
사용자,278
교육,277
방식,275
자동,274
기반,272
검색,271
의사,271
환자,271
스피커,268
발전,266
혁명,265
글로벌,262
통신,259
의료,257
자율,256
뒤,245
빅데이터,243
대화,241
금융,240
반도체,238
최고,237
정도,231
대학,231
팀,228
관계자,226
공개,226
탑재,225
트폰,225
기존,222
도입,221
그래픽,221
진행,220
소프트웨어,220
이번,219
운영,216
사회,215
전문가,215
관리,215
카메라,212
연결,212
상품,211
상황,211
판단,210
화면,209
과정,209
과학,207
최대,206
사물,205
단,202
역할,200
영화,199
입력,198
예측,198
전략,197
지금,196
처음,194
모바일,194
평가,193
정부,193
인수,192
전문,190
예정,190
비서,189
성장,189
등장,188
작년,187
전망,187
학생,186
파악,186
처리,183
센터,181
이,179
스타트업,179
안,178
질문,178
수,178
경쟁,177
얼굴,177
진단,177
첨단,176
규모,175
번역,175
혁신,175
업계,174
핵심,174
곳,173
뇌,169
앱,168
대,166
최초,166
시각,166
변화,165
발표,165
확대,163
단계,162
이후,160
설명,160
현실,160
속도,160
방법,159
자신,159
추천,159
상태,158
결정,158
속,158
경제,157
텔레콤,157
지원,156
목표,155
공학,153
실제,151
내년,150
후,149
펀드,149
구축,148
다음,148
온라인,147
답,147
이해,146
해외,146
인류,145
예,145
점,144
대신,144
개인,144
주행,144
글,144
대결,144
강화,143
기사,143
환경,142
디지털,142
배,141
중심,141
센서,140
생산,139
실시간,139
눈,138
성공,137
공장,136
기록,134
박사,134
프로젝트,133
대회,131
인재,131
정확,130
생활,129
작동,129
경험,129
병원,128
중요,128
진화,128
벤처,128
확인,127
알파,127
가전,126
집,125
내용,125
대상,125
언어,125
영역,125
지난달,124
시리,124
업무,123
회장,123
확보,123
가상,123
공동,122
주요,122
콘텐츠,122
직원,122
국제,120
세상,120
감정,119
음악,119
해결,118
집중,118
의미,118
연구소,118
이세돌,118
과거,117
차량,117
현지,116
쇼핑,116
에어컨,116
국가,115
지역,115
공간,115
예상,115
각종,114
무인,114
암,114
기대,114
융합,114
판매,113
전체,112
이용자,112
프로,112
인력,111
관심,110
동안,110
모델,110
효과,110
아이,109
설치,109
차원,109
장치,109
수익,109
자체,108
자산,108
제시,107
공기,107
결합,107
상담,107
대국,107
트,106
사,106
이름,106
주문,106
저장,106
주행차,106
동시,105
형태,104
접목,104
연구원,104
전화,103
추진,103
조직,102
참여,102
창업,102
경쟁력,101
인,101
최적,101
이미지,101
바탕,101
뜻,101
작업,100
손,100
사장,100
진료,100
치료,100
대체,99
책,99
행동,99
맞춤,99
차,98
목소리,98
부문,97
사이,97
모습,97
발생,97
일자리,97
선택,96
사실,95
방향,95
연구진,95
조사,94
대부분,94
드,94
스마트폰,94
드론,94
이동,93
행사,93
기,93
본격,93
현재,92
성능,92
시,92
이유,92
존재,92
상용,92
설립,92
안전,91
효율,91
그룹,91
구현,91
비용,91
시험,90
비교,89
단어,89
적극,89
지식,89
전공,89
정확도,89
자,88
위치,88
협력,88
개선,88
보도,88
제어,87
소비자,86
세탁기,86
장착,86
일반,86
특정,86
명령,86
기관,86
챗봇,86
소설,85
현장,85
이날,85
계산,85
추가,85
은행,85
도움,84
가정,84
과학자,84
자료,84
상대,84
길,83
신경,83
초기,83
폰,83
마,82
가격,81
향상,81
보험,81
친구,81
구조,81
주도,81
진출,81
매출,80
전기,80
애플,80
주목,79
주식,79
향후,79
지속,79
홈,79
사례,79
패턴,79
하루,78
사고,78
안내,78
소개,78
문장,78
알고리즘,78
씽큐,78
구성,77
자리,77
논문,77
세포,77
특징,76
삶,76
위험,76
채팅,76
주변,76
가상현실,76
주제,75
해당,75
도전,75
어,75
종,75
디스플레이,75
부사장,75
수학,74
마련,74
준비,74
설계,74
지,74
부분,74
노력,74
승리,74
가운데,73
공부,73
활동,73
제작,73
감지,73
제조,73
플랫폼,73
인기,72
뉴스,72
실력,72
위,72
자유,72
촬영,71
투자자,71
반응,71
장비,71
구분,71
장면,71
날씨,70
외부,70
채널,70
일부,70
실험,70
답변,70
매장,70
얘기,69
우려,69
포함,69
선정,69
도시,69
일정,69
그동안,68
에너지,68
반면,68
개발자,68
기준,68
여성,67
소리,67
경영자,67
아이폰,67
심사,67
해,67
규제,67
힘,66
경기,66
당시,66
운전,66
관계,66
날,66
우주,65
이달,65
인지,65
영입,65
양,64
냉장고,64
자연,64
기자,64
문화,64
대비,64
디자인,64
응용,64
품질,64
세대,64
수집,64
검사,64
구매,63
신,63
과,63
학교,63
도구,63
연동,63
크기,63
가치,63
시리즈,63
수행,63
수퍼,63
분류,63
카,62
세기,62
우승,62
운전자,62
유통,62
브랜드,62
거래,62
영향,62
문,61
역사,61
기본,61
캐릭터,61
인공지능,61
러닝,61
메모리,61
온도,60
담당,60
층,60
교통,60
전달,60
성과,60
경영,60
채용,60
유전자,60
음식,60
의학,60
총괄,60
수요,59
돈,59
터,59
지구,59
공정,59
발달,59
배달,59
종목,59
평균,59
보안,59
라인,58
단순,58
투입,58
종합,58
정책,58
이야기,58
리,58
역량,58
부품,57
순간,57
방안,57
표정,57
차별,57
과제,57
차세대,57
칩,57
우수,57
통합,57
법률,57
보유,57
선수,56
개념,56
소통,56
동물,56
밖,56
상상,56
자사,56
신설,56
대응,56
빅스비,56
우리나라,55
비,55
덕분,55
건설,55
차이,55
테스트,55
신호,55
메시지,55
결국,54
실내,54
생명,54
최신,54
달,54
움직임,54
조작,54
창업자,54
하드웨어,54
건강,54
국,54
반복,54
수술,54
기회,54
유명,53
의견,53
조절,53
창조,53
주장,53
확장,53
공유,53
문자,53
마인,53
협업,53
차지,52
수업,52
나라,52
처방,52
전시회,52
네트워크,52
결제,52
측정,51
장기,51
반영,51
접속,51
규칙,51
로,51
요즘,51
기억,51
부회장,51
무기,51
위협,51
미디어,51
직업,51
양성,51
치열,50
광고,50
표현,50
학,50
토대,50
편리,50
독자,50
옷,50
시범,50
지도,50
출신,50
요소,50
제안,50
위원,50
운용,50
지적,49
원,49
카드,49
모양,49
엔진,49
주인공,49
오,49
인사,49
질병,49
바람,48
독서,48
두뇌,48
대형,48
고,48
사건,48
예약,48
완벽,48
영업,48
심층,48
강조,47
마음,47
고려,47
대답,47
전국,47
동작,47
확산,47
기술력,47
정치,47
개방,47
대출,47
자살,47
유지,46
물,46
사전,46
연계,46
장점,46
통제,46
스마,46
근무,46
축적,46
메신저,46
전력,46
자회사,46
캠퍼스,46
전송,46
전용,46
아,45
스포츠,45
기간,45
끝,45
먼지,45
올림픽,45
구,45
국민,45
여부,45
만족,45
체계,45
현상,45
흐름,45
증가,45
작품,45
이전,45
마케팅,45
인터뷰,45
물건,45
조성,45
면,44
미세,44
웹,44
몸,44
사이트,44
코,44
버,44
원리,44
기초,44
공격,44
대통령,44
토론,44
변호사,44
이제,43
머리,43
마찬가지,43
휴대,43
청정기,43
내부,43
적합,43
특성,43
상대방,43
체험,43
탄생,43
상장,43
신경망,43
스마트,43
계열사,43
주,42
개최,42
사랑,42
입장,42
부족,42
법,42
육성,42
돌,42
어드바이저,42
허브,42
학년,41
고민,41
우,41
발견,41
방침,41
보,41
가,41
창의,41
선도,41
범죄,41
어시스턴트,41
책임자,41
무인차,41
참가,40
사이버,40
도로,40
도,40
아파트,40
어린이,40
공급,40
비즈니스,40
소장,40
한계,40
지방,40
생태,40
공략,40
주가,40
치료법,40
포트폴리오,40
발굴,40
상반기,40
업,39
졸업,39
연속,39
나이,39
데이터베이스,39
얼마,39
국내외,39
무선,39
통화,39
획기적,39
설정,39
논의,39
윤리,39
해석,39
용량,39
실수,39
보고서,39
머신러닝,39
전면,39
상담사,39
학과,38
화제,38
별도,38
참석,38
운동,38
차례,38
입체,38
시도,38
바,38
하반기,38
마트폰,38
오픈,38
트랙,38
어드바이,38
관람객,37
전시,37
시기,37
확률,37
주인,37
연간,37
일상,37
발,37
위기,37
동력,37
경고,37
청소,37
최종,37
감독,37
물질,37
아래,37
혜택,37
세탁,37
특허,37
챔피언,37
업그레이드,37
빅,37
보호,36
비중,36
느낌,36
애,36
지배,36
빛,36
거리,36
곳곳,36
재생,36
택시,36
지수,36
거대,36
인터페이스,36
상당,36
네이버,36
등록,36
버전,36
순위,36
주력,35
백화점,35
장소,35
건물,35
오늘,35
호텔,35
개설,35
고양이,35
랩,35
설비,35
오후,35
크,35
프로그래밍,35
경찰,35
제한,35
소비,35
물론,35
인프라,35
영,35
감시,35
신약,35
기보,35
훈련,35
신규,35
장악,35
증강,35
오프라인,35
아이디어,34
검토,34
위원회,34
점수,34
통신망,34
완성,34
회의,34
증권,34
통과,34
장애물,34
문서,34
감성,34
모방,34
콜센터,34
책임,34
학부,34
방문,34
감소,34
원격,34
제휴,34
인문,34
기조,34
솔루션,34
라,33
초점,33
서,33
중,33
본사,33
미,33
선,33
공,33
강점,33
연구실,33
철학,33
인물,33
물체,33
페이스북,33
프리미엄,33
선점,33
엔비디아,33
절감,33
의료진,33
피자,33
전반,32
급,32
정,32
귀,32
공식,32
비전,32
체제,32
자연어,32
동영상,32
연구자,32
비판,32
고수,32
조합,32
접근,32
판,32
컴퓨팅,32
서버,32
매체,32
출전,32
안정,32
청소기,32
북,32
숫자,32
이익,32
테크,32
설계사,32
전장,32
부모,31
아침,31
걱정,31
플래시,31
정밀,31
하,31
조언,31
목적,31
상거래,31
자문,31
테,31
기획,31
요리,31
편의,31
작가,31
예산,31
상무,31
방송,31
특화,31
닝,31
주최,31
후보,31
그림,31
생존,31
임상,31
화질,31
핀테크,31
상,30
한,30
장,30
간,30
작용,30
활성,30
전환,30
사무실,30
일종,30
쇼핑몰,30
기법,30
부담,30
가동,30
요구,30
학술지,30
배치,30
초,30
화학,30
섹스,30
실적,30
합격,30
승부,30
병,30
강의,30
선언,30
인차,30
시점,30
개편,30
예술,30
시설,30
과목,30
비브,30
제거,29
성,29
방,29
원인,29
개막,29
세,29
인구,29
모니터,29
중앙,29
이론,29
수상,29
취향,29
공감,29
응답,29
실행,29
가족,29
조종,29
표,29
망막,29
질환,29
취업,29
약,29
창출,29
상승,29
지원자,29
시술,29
전통,28
수석,28
충격,28
도약,28
민간,28
지시,28
알,28
다,28
상호,28
노래,28
반,28
타,28
레,28
고도,28
단체,28
전쟁,28
조,28
매니저,28
학위,28
화두,28
필수,28
창작,28
복합,28
만화,28
무료,28
계약,28
정답,28
남성,28
포털,28
소,28
인문학,28
시뮬레이션,28
배터리,28
박스,28
제도,28
자금,28
분기,28
성향,28
용,28
가전제품,27
모,27
모두,27
감안,27
실패,27
대량,27
신용,27
보조,27
불편,27
회,27
스타,27
비행기,27
치,27
논리,27
패션,27
예전,27
심리,27
소재,27
유,27
종류,27
연,27
대중,27
트렌드,27
출범,27
에,27
시행,27
화장품,27
카카오,27
기가지니,27
장애,27
래,26
바이오,26
절반,26
격차,26
공상,26
고속도로,26
프,26
부,26
화,26
문의,26
꿈,26
연산,26
이사,26
특수,26
의도,26
장애인,26
파,26
범위,26
개별,26
통,26
은,26
공항,26
의지,26
작성,26
판독,26
강자,26
발언,26
환전,26
위주,25
성적,25
실시,25
특별,25
질,25
변수,25
계속,25
학자,25
안팎,25
애니메이션,25
키,25
내비게이션,25
스크린,25
진짜,25
연말,25
유리,25
컨설팅,25
안경,25
최소,25
청정,25
음성인식,25
대처,25
총장,25
최강,25
정상,25
노동,25
면접,25
인치,25
약물,25
월,24
식품,24
전무,24
부착,24
공대,24
성격,24
내장,24
선진국,24
외국,24
중단,24
연설,24
옆,24
근거,24
유형,24
매,24
스타일,24
입,24
엔지니어,24
패,24
냉방,24
퀴즈쇼,24
식당,24
키워드,24
강연,24
브,24
부스,24
그,24
공학부,24
중계,24
선박,24
제조업,24
헬스,24
허사비스,24
관측,24
지표,24
유망,24
본부장,24
시연,24
표절,24
채택,23
평소,23
과장,23
사상,23
보급,23
유일,23
소형,23
예방,23
오전,23
퀴즈,23
통역,23
제,23
비밀,23
학문,23
드라마,23
생명체,23
혼자,23
발휘,23
남자,23
사원,23
흥미,23
러,23
돌파,23
반대,23
가구,23
체결,23
신청,23
증시,23
제외,23
검증,23
전투,23
제약,23
선호,23
논란,23
돌바람,23
외국인,23
만족도,23
전시장,23
수출,22
포,22
조정,22
조건,22
금액,22
분산,22
입증,22
정리,22
가스,22
축구,22
경기장,22
규정,22
여행,22
무대,22
수퍼컴퓨터,22
추세,22
제출,22
시절,22
각도,22
수단,22
상금,22
진,22
현,22
플,22
카카,22
관제,22
갤럭시,22
본부,22
바이두,22
머스크,22
망,22
협약,22
판후,22
원천,22
창의력,22
가입자,22
증권사,22
취지,22
인종,22
신뢰,22
포럼,22
헬스케어,22
지진,22
점포,22
항암제,22
인정,21
급성장,21
프로세서,21
학기,21
기여,21
한글,21
사항,21
공공,21
위성,21
제기,21
박차,21
완전,21
팀장,21
극대,21
의식,21
추론,21
측면,21
개,21
강,21
즈,21
협회,21
휴대폰,21
팔,21
여자,21
개봉,21
형성,21
마이,21
포착,21
대학원,21
피부,21
착용,21
재료,21
추적,21
연내,21
경로,21
집단,21
허용,21
운행,21
방지,21
압도,21
습득,21
항공기,21
법인,21
의존,21
죽음,21
뇌과학,21
개척,21
가짜,21
유플러,21
배송,21
선발,21
제자,21
요청,21
환율,21
약사,21
신입,21
번역기,21
엑소브레인,21
인증,21
패혈증,21
고급,20
현대,20
아들,20
당장,20
어려움,20
버튼,20
명,20
정신,20
고속,20
거실,20
주관,20
정의,20
강도,20
문제점,20
교통사고,20
실현,20
네,20
배경,20
테러,20
음향,20
나중,20
최대한,20
진보,20
추정,20
초반,20
이하,20
혈압,20
제조사,20
트위터,20
분량,20
부정,20
웨어러블,20
택배,20
간담회,20
외국어,20
노하우,20
암센터,20
보험사,20
판매량,19
남,19
창,19
표시,19
벽,19
고장,19
자본,19
모색,19
절차,19
학회,19
냄새,19
학계,19
행성,19
고양,19
쇼,19
각국,19
실장,19
칼리지,19
엄마,19
분위기,19
생성,19
재,19
텍스트,19
경,19
무게,19
습도,19
맥락,19
기상,19
포인트,19
당뇨병,19
파이,19
일반인,19
구원,19
적응,19
문학,19
독립,19
건수,19
잠재력,19
저널,19
책상,19
콘퍼런스,19
점유,19
스페이스,19
비율,19
모니터링,19
추구,19
머,19
게이머,19
의대,19
커피,19
발전소,19
일상생활,19
엔터테인먼트,19
전담,19
커제,19
감각,19
증상,19
실생활,19
합병,19
판교,19
조기,19
보건,19
팩토리,19
전년,19
흡입,19
경향,18
집안,18
교과서,18
보관,18
값,18
하늘,18
입시,18
유도,18
한국인,18
한마디,18
연령,18
전기차,18
가속,18
이사회,18
구체,18
복제,18
석학,18
자원,18
천재,18
표면,18
오늘날,18
만약,18
비결,18
기구,18
점검,18
이식,18
수치,18
벽돌,18
홈페이지,18
청년,18
인생,18
단위,18
가입,18
전문의,18
판정,18
불,18
지문,18
불안,18
희망,18
닥터,18
은퇴,18
행복,18
봇,18
모바,18
폭발,18
항공,18
선임,18
평등,18
결과물,18
클,18
달성,18
하이,18
리더십,18
스타크래프트,18
외신,18
신사업,18
터치,18
매매,18
황,18
선두,17
제목,17
해소,17
회로,17
밤,17
물리학,17
즉시,17
엑스포,17
문명,17
지향,17
유치,17
직장,17
각광,17
회전,17
소음,17
차단,17
단점,17
재단,17
상징,17
경계,17
동원,17
기분,17
강아지,17
트럭,17
높이,17
맛,17
나,17
창립,17
미니,17
수학자,17
유용,17
결론,17
도착,17
네티즌,17
식별,17
오디오,17
블록,17
교류,17
사운드,17
보완,17
표준,17
원칙,17
합류,17
땅,17
침해,17
심리학,17
신속,17
유행,17
브레인,17
심장,17
작전,17
변신,17
블,17
시간대,17
출연,17
이메일,17
사내,17
세부,17
일론,17
암호,17
저자,17
탐사,17
통계,17
요인,17
유튜브,17
운항,17
일치,17
연평균,17
머신,17
랭킹,17
소득,17
의원,17
혈액,17
손실,17
사태,17
스마트홈,17
세션,17
의장,17
당뇨,17
코딩,17
낸드,17
셋톱,17
커넥티드카,17
동,16
중점,16
금지,16
손상,16
승인,16
관,16
빌딩,16
시민,16
해법,16
목적지,16
국회,16
완화,16
전원,16
요금,16
연기,16
노인,16
치수,16
명예,16
계단,16
교,16
논쟁,16
홀,16
마지막,16
부상,16
조명,16
각각,16
평면,16
화성,16
지지,16
체인,16
횟수,16
본인,16
국방부,16
서류,16
추출,16
업데이트,16
바닥,16
물류,16
생체,16
접수,16
좌우,16
급증,16
글자,16
취약,16
청소년,16
수수료,16
개개인,16
한편,16
대책,16
체스,16
딥,16
석유,16
바이,16
중반,16
패러다임,16
공사,16
진입,16
파트너,16
이세,16
신문,16
화점,16
화폐,16
당국,16
고교,16
국방,16
경쟁사,16
평생,16
업종,16
기전,16
커넥티드,16
신진서,16
상담원,16
항목,16
이버,15
재미,15
군,15
시청,15
모드,15
극복,15
언론,15
인근,15
밥,15
메뉴,15
수도,15
연료,15
기술자,15
색깔,15
이내,15
눈길,15
패널,15
폭,15
비디오,15
권위,15
출발,15
회복,15
듀얼,15
포기,15
미디어랩,15
리더,15
상상력,15
관점,15
한정,15
교체,15
감,15
순,15
이외,15
여론,15
비행,15
도래,15
대상자,15
연관,15
발명,15
유전,15
무한,15
태블릿,15
변경,15
산하,15
연애,15
확신,15
오류,15
제약사,15
승,15
군사,15
기부,15
우버,15
지점,15
흑인,15
꽃,15
센터장,15
페,15
스승,15
금리,15
최고기술,15
인용,15
완승,15
신화,15
과학부,15
진로,15
계좌,15
차기,15
임직원,15
이벤트,15
론,15
성장세,15
유플러스,15
맵,15
램,15
안면,15
장관,14
모집,14
근육,14
매직,14
명령어,14
형,14
부위,14
주방,14
차용,14
권위자,14
편견,14
자존심,14
경력,14
교감,14
가로,14
형식,14
뉴,14
신형,14
원래,14
마이크,14
조립,14
아빠,14
기후,14
한참,14
정복,14
시선,14
취득,14
소화,14
착각,14
조금,14
변환,14
국립,14
지정,14
소속,14
럼,14
온,14
절약,14
정체,14
남녀,14
선물,14
구상,14
나머지,14
소설가,14
물량,14
누적,14
개발사,14
구별,14
리모컨,14
부서,14
임무,14
적,14
오염,14
포커,14
스북,14
사용량,14
궁극,14
엑스레이,14
도전장,14
흑,14
눈앞,14
공제,14
계기,14
쇼크,14
이수,14
교육부,14
일임,14
고용,14
프린터,14
코어,14
단지,14
프렌즈,14
배출,14
무인기,14
내정자,14
선행,14
면세점,14
언,14
지니,14
법령,14
번역사,14
연초,14
작물,14
연봉,14
정거장,14
주석,14
핑안,14
스트레스,13
아버지,13
여름,13
원장,13
복지,13
혈관,13
번호,13
클릭,13
다리,13
불량,13
인상,13
고유,13
원숭이,13
무궁무진,13
붐,13
게,13
초월,13
성인,13
새,13
에어백,13
폐쇄,13
부가,13
열,13
벤츠,13
홍보,13
피,13
섬유,13
조회,13
저녁,13
월드,13
페이지,13
판도,13
바다,13
영향력,13
역대,13
자유자재,13
감동,13
예견,13
흉내,13
셀,13
무단,13
우선,13
루,13
사생활,13
단장,13
몸짓,13
미래학자,13
장난감,13
법원,13
셜,13
평,13
방범,13
활약,13
화소,13
선명,13
행위,13
페이스,13
니,13
태양,13
동영,13
본지,13
고령,13
합의,13
심판,13
버스,13
실,13
모션,13
해킹,13
페이,13
테슬라,13
임원,13
술,13
게시물,13
입사,13
착점,13
패배,13
중소,13
현황,13
계층,13
승자,13
목,13
재무,13
관련주,13
주자,13
중간,13
응대,13
도출,13
스마트워치,13
계정,13
사물인터넷,13
의료원,13
테크놀로지,13
마트,13
통신사,13
의류,13
경영진,13
기술원,13
듀,13
리걸줌,13
체험관,13
옵션,13
석탄,13
바둑이,13
태풍,13
상위,12
교사,12
손가락,12
전시관,12
엑스,12
객관,12
도심,12
등급,12
호평,12
유발,12
연락,12
수립,12
색상,12
시속,12
치명,12
능가,12
위원장,12
술원,12
편,12
가수,12
곡,12
레이더,12
브레이크,12
수입,12
보청기,12
청각,12
상업,12
조각,12
식사,12
종교,12
파일,12
가량,12
관객,12
직감,12
출력,12
의사소통,12
커,12
법칙,12
합성,12
습관,12
용어,12
결승,12
착수,12
주택,12
일대일,12
거부,12
댓글,12
요원,12
해답,12
전격,12
중소기업,12
공모전,12
번,12
의심,12
출제,12
주민,12
소송,12
손해,12
리스트,12
플레이,12
용도,12
톡,12
마켓,12
열풍,12
폭력,12
출현,12
근본,12
충전,12
취임,12
직후,12
노출,12
긍정,12
임,12
두려움,12
터득,12
신작,12
욕설,12
행,12
증세,12
부작용,12
틀,12
내역,12
사업부,12
전면광,12
비약,12
여,12
백인,12
부동산,12
사활,12
승률,12
급등,12
접점,12
가사,12
코타나,12
조치,12
젠,12
스타크래프,12
트홈,12
트공장,12
정비,12
입단,12
아이보,12
심화,12
사업단,12
용의자,12
출원,12
기원,12
대장암,12
부진,12
발화,12
콜,12
평창,12
영업점,12
대신증권,12
밀착,12
거래소,12
항생제,12
듀플렉스,12
노,11
한군,11
구입,11
공통,11
민,11
티,11
시티,11
회원,11
마비,11
정작,11
초보,11
확정,11
팬,11
용품,11
배우,11
세미나,11
충돌,11
범인,11
생물,11
멀티미디어,11
정서,11
요약,11
관찰,11
허가,11
가상공간,11
연상,11
순식간,11
핸들,11
왼쪽,11
균형,11
그때,11
최소한,11
통로,11
주거,11
감상,11
요타,11
길이,11
활용도,11
도달,11
머리카락,11
편집,11
약자,11
드럼,11
홍채,11
언급,11
분리,11
양쪽,11
자극,11
신체,11
묘사,11
토끼,11
색,11
학사,11
저,11
수명,11
보편,11
면적,11
콘셉트,11
인체,11
컨,11
필터,11
할인,11
레이저,11
근처,11
주기,11
피해,11
탐지,11
차선,11
경쟁자,11
우승자,11
허위,11
안드,11
금,11
산학,11
거점,11
통찰력,11
참가자,11
오디세이,11
상점,11
불만,11
비상,11
우주선,11
더,11
양산,11
본질,11
머스,11
핵,11
공포,11
희생,11
딥마인,11
공헌,11
탐색,11
매각,11
엔,11
돌입,11
녹음,11
맥주,11
알파벳,11
센,11
작곡,11
대기,11
직,11
학습법,11
참고,11
사투리,11
증명,11
특이점,11
풍경,11
비스,11
정식,11
외교,11
직속,11
만점,11
번역가,11
저작,11
송금,11
집사,11
강좌,11
자국,11
그간,11
신재생,11
추격,11
파크,11
실무,11
승객,11
실명,11
너지,11
건강관리,11
유방암,11
편의점,11
전역,11
그룹장,11
블록체,11
숙박,11
시판,10
이때,10
절대,10
멤버,10
공연,10
한창,10
쓰레기,10
유기,10
부처,10
대조,10
보고,10
팬히터,10
난방,10
저서,10
도중,10
자세,10
파워,10
후반,10
입학,10
블루,10
보수,10
초청,10
기념,10
마크,10
모터,10
칼,10
코드,10
실험실,10
불법,10
물리학자,10
소프트,10
사이언스,10
오랫동안,10
공학자,10
물음,10
소식,10
요,10
치킨,10
잠,10
그림자,10
다수,10
걸음,10
가늠,10
칼로리,10
지급,10
어깨,10
관람,10
입주,10
백과사전,10
한쪽,10
원활,10
중시,10
뇌파,10
수년,10
문맥,10
스토리,10
재난,10
살인,10
손바닥,10
할머니,10
석,10
보장,10
종이,10
페퍼,10
링,10
싸움,10
설득,10
협의,10
서양,10
신뢰도,10
터미네이터,10
교과,10
도서,10
호기심,10
이스북,10
대리,10
인공신경망,10
연습,10
공명,10
대안,10
유학,10
수정,10
수상자,10
플리케이션,10
갈등,10
융,10
약점,10
미국인,10
사망,10
가설,10
야,10
최악,10
전날,10
설문,10
태도,10
번기,10
중국인,10
계열,10
대선,10
저널리즘,10
저커버그,10
강국,10
관리자,10
현존,10
선전,10
연승,10
이민,10
케터링,10
조제,10
교과목,10
금융사,10
창구,10
개혁,10
두,10
리서치,10
랩스,10
단행,10
인권,10
총리,10
정면,10
실습,10
전형,10
군인,10
뱅킹,10
뱅크,10
직무,10
적성,10
암기,10
판사,10
검열,10
학부모,10
교육감,10
병증,10
케이블,10
만,10
픽셀폰,10
호출,10
슈밥,10
킬러,10
말뭉치,10
젠고,10
전작,10
관광객,10
파파고,10
간호사,10
융복합,10
고화질,10
고위,10
이데자,10
출간,10
기지,10
면접관,10
독성,10
기호,9
음료,9
국산,9
내수,9
기쁨,9
전산,9
칭찬,9
입구,9
보통,9
관심사,9
파괴,9
배려,9
행정,9
가습기,9
공원,9
동향,9
감당,9
초대,9
츠,9
구동,9
별,9
커뮤니케이션,9
발음,9
뮤직,9
윈도,9
미래형,9
신임,9
중력,9
퍼,9
출입,9
소년,9
거장,9
겨냥,9
노트북,9
생물학,9
재현,9
세트,9
눈동자,9
부여,9
발표회,9
신분,9
시계,9
발광,9
추상,9
시나리오,9
가슴,9
우울증,9
분,9
목록,9
테마,9
연장,9
주국,9
소요,9
외화,9
주사,9
결혼,9
급속,9
스캐너,9
동네,9
건축가,9
침대,9
급속도,9
걸음마,9
호시,9
창문,9
내일,9
유사,9
구역,9
동일,9
춤,9
담당자,9
유가,9
주차,9
학원,9
총액,9
할,9
아기,9
동료,9
특이,9
인원,9
경비,9
스스로,9
견해,9
해설,9
딥마인드,9
마인드,9
그중,9
직전,9
체,9
고전,9
발간,9
연인,9
연예인,9
아이언맨,9
소스,9
방한,9
상단,9
전파,9
재고,9
거물,9
널,9
워치,9
공존,9
회견,9
호선,9
형세,9
바둑판,9
풀이,9
취재,9
의문,9
직종,9
최고수,9
우세,9
합,9
포석,9
비트,9
폭발물,9
이용객,9
변동,9
상당수,9
거절,9
판단력,9
메모리얼,9
방학,9
교내,9
사피엔스,9
바이저,9
소외,9
인건비,9
이틀,9
이두,9
일주일,9
이자,9
항암,9
텐센트,9
폭언,9
직면,9
수강,9
체력,9
자산가,9
중국판,9
성별,9
로봇팔,9
동계,9
호응,9
출판사,9
이동체,9
운용사,9
행보,9
단축,9
자본금,9
리니지,9
사업자,9
공세,9
살상,9
철강,9
기가,9
총력,9
엣지,9
곡면,9
유기발광다이오드,9
새해,9
암환자,9
공유지,9
스캔,9
지성,9
제습,9
음원,9
통번역,9
연설자,9
올레,9
미위팅,9
쇼퍼,9
승진,9
야구,9
의료비,9
핵무기,9
비행사,9
진학,8
딸,8
자녀,8
림,8
위상,8
감사,8
탓,8
출입문,8
스포,8
나무,8
공통점,8
집약,8
바깥,8
섬,8
자랑,8
짐,8
당초,8
경고음,8
극도,8
도장,8
이성,8
모형,8
계절,8
아동,8
전화기,8
세로,8
변속기,8
페달,8
수동,8
기어,8
오른쪽,8
회계,8
제로,8
실용,8
위기감,8
순서,8
안심,8
퇴근,8
대목,8
슬픔,8
즐거움,8
예고,8
변속,8
열정,8
고등,8
외계,8
머릿속,8
프레,8
단속,8
교환,8
형상,8
볼,8
일환,8
간격,8
공중,8
정지,8
프레임,8
방수,8
점프,8
줄,8
구사,8
마을,8
체크,8
세분,8
접촉,8
진동,8
지하,8
최적화,8
구간,8
부장,8
독,8
환호,8
분노,8
이슈,8
주류,8
건축,8
막강,8
재편,8
문학상,8
추산,8
수사,8
종전,8
국토,8
가트너,8
애널리스트,8
지침,8
풀,8
녹화,8
튜링,8
지인,8
신고,8
주입,8
연구비,8
정보연구원,8
승패,8
초지능,8
악마,8
압력,8
큐,8
인형,8
맨,8
가공,8
데이터양,8
도요타,8
오감,8
슬로,8
룸,8
신발,8
장벽,8
비즈,8
인사이트,8
운송,8
텐센,8
판례,8
처,8
작위,8
원전,8
대다수,8
여건,8
디,8
종반,8
직관,8
마감,8
승부수,8
사기,8
간편,8
믿음,8
총,8
파견,8
디지털콘텐츠학과,8
소프트웨어학과,8
보호학,8
자격,8
단독,8
당,8
권한,8
자신감,8
실전,8
바둑리그,8
드바이,8
퇴직,8
화력,8
해결책,8
후속,8
몫,8
붕괴,8
극,8
지분,8
잠식,8
재개,8
약국,8
무,8
교양,8
학점,8
수리,8
불량품,8
클리닉,8
가게,8
현행,8
연사,8
사모,8
캐피털,8
사과,8
외,8
공룡,8
설명회,8
두각,8
영리,8
차트,8
먹거리,8
코스피,8
세금,8
투자금,8
존,8
테두리,8
예고편,8
고음,8
멜론,8
피해자,8
탑,8
마존,8
브로드밴,8
구글홈,8
물고기,8
상생,8
집계,8
상승세,8
디자이너,8
전문점,8
호황,8
합작,8
폐암,8
리뷰,8
분양,8
엔비디,8
엔비,8
방사선,8
플러스,8
자막,8
카카오톡,8
가이드라인,8
채권,8
가위,8
디자인싱킹,8
택배앱,8
캡처,8
패권,8
몽,8
하모니,8
고대,8
해상,8
알츠하이머병,8
발병,8
위험군,8
커머스,8
정원,8
라인업,8
사이먼,8
골락시,8
부대,7
소감,7
차장,7
주위,7
대리점,7
조심,7
전지,7
공산주의,7
거,7
관광,7
프로그래머,7
음,7
램프,7
건조,7
전설,7
산업체,7
경망,7
선구자,7
친숙,7
출품,7
어린아이,7
위급,7
아이콘,7
거울,7
강의실,7
컨트롤,7
증폭,7
단골,7
메디컬,7
지상,7
나열,7
선호도,7
차체,7
항법,7
드라이브,7
현대차,7
팀원,7
몰두,7
야심,7
악의,7
나노,7
총알,7
반사,7
온몸,7
매력,7
줄거리,7
질주,7
바퀴,7
플레이어,7
리포트,7
주부,7
구매자,7
릭,7
렉스,7
실감,7
기대감,7
착시,7
직접,7
추월,7
닉,7
체온,7
궁금증,7
대전,7
위로,7
유료,7
무장,7
횡단,7
지형,7
블로그,7
보강,7
원거리,7
검진,7
청,7
낙관,7
파워셋,7
빈도,7
복수,7
탈수,7
살균,7
친환경,7
키트,7
서명,7
변혁,7
태양광,7
검색어,7
거주,7
청구,7
매진,7
대수,7
알람,7
생일,7
프론티어,7
지목,7
증거,7
구름,7
출판,7
카페,7
시행착오,7
숙련,7
게임기,7
판별,7
정치인,7
유진,7
지난주,7
소프트뱅크,7
일자,7
칼럼,7
일각,7
혐의,7
빨간색,7
법규,7
적발,7
치매,7
유해,7
러스,7
길거리,7
회계사,7
역설,7
사냥,7
해독,7
연합군,7
겸임,7
프로게이머,7
흥행,7
인도,7
블레이드,7
치안,7
밑,7
보행자,7
신생,7
대가,7
응,7
수용,7
중견,7
부지,7
울트,7
최강자,7
가세,7
생수,7
기세,7
텍,7
등장인물,7
맛집,7
탈바꿈,7
대명사,7
근접,7
불리,7
조선,7
소셜,7
싱,7
불안감,7
재벌,7
전폭,7
노동자,7
증대,7
급변,7
박,7
현역,7
국장,7
각축,7
협동,7
약속,7
기지국,7
코인,7
최정,7
병명,7
수신,7
원자재,7
주체,7
경보,7
코스닥,7
종양,7
조리,7
프린팅,7
올,7
커리큘럼,7
선배,7
경제학,7
현금,7
처리장치,7
철저,7
행사장,7
건,7
코스,7
연금,7
단기,7
신청자,7
돌파구,7
하락,7
역전,7
전개,7
한때,7
의무,7
진료실,7
귀납법,7
명제,7
채팅봇,7
선제,7
경진,7
전임,7
재학생,7
사이언스학,7
교수진,7
출장,7
중장기,7
마스터,7
납품,7
시제품,7
유효,7
완료,7
제정,7
전문지,7
고액,7
영화관,7
전등,7
등,7
수능,7
통번,7
퍼스트,7
대입,7
에이,7
이노베이션,7
변곡점,7
설정액,7
오픈A,7
티켓,7
시너지,7
해양,7
뼈,7
원통,7
마인즈랩,7
하단,7
대면,7
데,7
위축,7
자리매김,7
주간,7
분사,7
외모,7
산,7
이어폰,7
창작자,7
소상,7
공인,7
가속도,7
암세포,7
신성장,7
위암,7
텔,7
메인,7
셋톱박스,7
유출,7
오브레인,7
글씨,7
파격,7
클로바,7
의,7
민원,7
대한통운,7
노트,7
선별,7
밴드,7
서부,7
수압,7
트롬,7
풍력,7
패밀리,7
이직,7
복부,7
멍,7
후원,7
스플레이,7
반도체칩,7
운항선박,7
화합물,7
약품,7
보어드바이,7
로봇손,7
주권,7
조현병,7
입맛,6
고가,6
학년도,6
과외,6
어머니,6
재산,6
전부,6
칸,6
시야,6
메이커,6
주의,6
식,6
막,6
사정,6
연출,6
축제,6
수여,6
발상,6
메일,6
결승전,6
촉진,6
완공,6
초음파,6
스위치,6
감염,6
수직,6
다중,6
칠,6
두께,6
벤,6
피조물,6
상처,6
복사,6
애완동물,6
열쇠,6
벌,6
보쉬,6
골,6
공과,6
냉연,6
대용량,6
광,6
중순,6
인사말,6
클래스,6
틱,6
방울,6
재정,6
딩,6
발행,6
본점,6
제동,6
기온,6
메,6
파티,6
몸체,6
물리,6
촉발,6
반박,6
선생,6
감자,6
시가,6
업적,6
델타,6
그램,6
유닛,6
반발,6
투표,6
시맨틱,6
호,6
무릎,6
턴,6
단말기,6
영감,6
사명,6
연재,6
삼각,6
레고,6
기하학,6
털,6
화상,6
동참,6
충실,6
원판,6
난,6
악수,6
액셀러레이터,6
성분,6
수분,6
땀,6
무선인터넷,6
상식,6
실리콘,6
렌즈,6
무리,6
장학금,6
시력,6
농업,6
셋,6
세제,6
흡수,6
소모,6
절전,6
탈,6
시청자,6
레스토랑,6
준수,6
상하,6
고안,6
출연자,6
압승,6
베팅,6
유추,6
작,6
샘플,6
출근,6
검거,6
통보,6
주말,6
초콜릿,6
기차,6
날개,6
이탈,6
계,6
간주,6
관건,6
초록,6
고등학교,6
적정,6
지자체,6
적외선,6
멸망,6
양해,6
게재,6
케,6
최선,6
노선,6
라이프스타일,6
풍요,6
오피스,6
구석구석,6
육체,6
전유물,6
자본주의,6
한동안,6
미사일,6
특정인,6
파멸,6
고집,6
환상,6
폐기,6
미만,6
그래프,6
무인자동차,6
체증,6
방위,6
정형,6
기하급수,6
원형,6
자의식,6
교재,6
그다음,6
참조,6
악,6
수돗물,6
공무원,6
안전모,6
안전처,6
오브,6
전선,6
대등,6
개입,6
병렬,6
가이드,6
완성차,6
장담,6
해방,6
빨래,6
향,6
얼,6
통부,6
토,6
이공,6
예선,6
스케줄,6
음악가,6
세돌,6
원자,6
전승,6
마무리,6
태,6
순차,6
상급,6
성사,6
트워킹,6
대세,6
예비,6
돌풍,6
일시,6
채취,6
정량,6
백,6
한눈,6
무시,6
신연구원,6
독창,6
침투,6
정책학,6
스카우트,6
모건,6
파트너십,6
강타,6
첫선,6
당면,6
아마추어,6
재학,6
공업,6
편입,6
동반,6
거액,6
허사,6
발사,6
엘리베이터,6
집안일,6
내믹스,6
절망,6
최저,6
권리,6
보이스,6
광범위,6
역,6
홈런,6
단기간,6
잠재,6
쟁탈전,6
매수,6
극단,6
캠페인,6
진료소,6
레이,6
칭화대,6
전제,6
합리,6
직결,6
타인,6
구도,6
팅,6
창작물,6
농담,6
재범,6
감수,6
구성원,6
단층,6
헤드셋,6
예언,6
대졸,6
문항,6
전수,6
벤처스,6
이스,6
석사,6
닷컴,6
석좌,6
기획평가원,6
골자,6
식재료,6
고객사,6
학습량,6
도태,6
합병증,6
내,6
우동기,6
만남,6
증,6
매도,6
징후,6
전공자,6
모리,6
수주,6
지름,6
스트리밍,6
음질,6
몽타주,6
각지,6
공모,6
배달의민족,6
휴머노이드,6
장학퀴즈,6
엑소,6
천장,6
보상,6
타깃,6
네이,6
이야마,6
설,6
갤,6
유력,6
침체,6
시내,6
일대,6
가천,6
문헌,6
이력서,6
어순,6
실천,6
메이저,6
기사회,6
치료제,6
베이스,6
진흥,6
건립,6
컨벤션,6
패밀리허브,6
서식,6
문답,6
보험업,6
전속,6
출입구,6
별개,6
텐,6
코치,6
해결력,6
국대,6
옴니,6
산업벨트,6
성매매,6
학습자,6
중증,6
계급,6
결장암,6
해저,6
시진핑,6
통신부,6
선풍기,6
무풍,6
일관,6
추락,6
운항선,6
커넥티비티,6
과학원,6
양계장,6
성년자,6
도타,6
오케,6
원단,6
히트,5
레스,5
워드,5
축하,5
정규,5
장래,5
부부,5
필름,5
대담,5
개관,5
다행,5
수험,5
동차,5
항구,5
섹터,5
외곽,5
텔레포트,5
에이전트,5
마우스,5
개통,5
열기,5
유무,5
낭비,5
노약자,5
이터,5
혼돈,5
놀이,5
단절,5
본성,5
학술,5
재질,5
점원,5
인공신,5
새벽,5
고리,5
컨디션,5
신종,5
핀,5
애완,5
타이틀,5
보드,5
유머,5
담,5
좌석,5
허리,5
활용법,5
운전석,5
선거,5
액티브,5
이크로칩,5
근로자,5
특집,5
각,5
만찬,5
영혼,5
토마토,5
개성,5
어제,5
스템,5
리프,5
식물,5
자궁,5
양육,5
쿡,5
요리사,5
특유,5
출산,5
허,5
긴장감,5
앞뒤,5
닭,5
본능,5
착안,5
학업,5
에너지원,5
초등학교,5
도형,5
예술가,5
구조물,5
액션,5
구속,5
몸통,5
다채널,5
몸동작,5
키보드,5
변형,5
주축,5
촉각,5
후각,5
주머니,5
오락,5
플라스틱,5
인위,5
트릭,5
해상도,5
공감대,5
철학자,5
막대기,5
초창기,5
파란색,5
와,5
명칭,5
아우,5
고무,5
금속,5
원조,5
전산학,5
축소,5
구멍,5
항,5
우울,5
임대,5
휴가,5
시공,5
지구촌,5
이트,5
직장인,5
섭씨,5
옷감,5
세탁물,5
다이아몬드,5
워,5
동화,5
노화,5
입자,5
스탠드,5
라이브,5
내달,5
둔화,5
끈,5
저명,5
개량,5
악용,5
폭탄,5
총동원,5
터널,5
열광,5
첫날,5
인과,5
베스트셀러,5
먼,5
경찰서,5
연제구,5
강력,5
경찰청,5
장르,5
민관,5
탐구,5
병력,5
손안,5
졸음,5
친화,5
소파,5
발명품,5
계획국,5
토종,5
우위,5
지위,5
오인,5
연합,5
대학교,5
잡지,5
상정,5
손정,5
자전거,5
출동,5
체포,5
초록색,5
투기,5
행정부,5
범죄자,5
실종,5
초래,5
각서,5
수질,5
덤,5
예외,5
그레이드,5
극한,5
전적,5
가디언,5
총량,5
공동체,5
거짓말,5
시중,5
방어,5
상륙,5
규격,5
급락,5
압축,5
경지,5
실체,5
현미경,5
나뭇가지,5
픽셀,5
자아,5
실업자,5
애초,5
운,5
실리,5
연구원장,5
다운로드,5
사회학,5
수급,5
수반,5
플랜트,5
입지,5
뒷받침,5
이언맨,5
무력,5
망라,5
도덕,5
차업체,5
서한,5
배제,5
목숨,5
옛날,5
포토,5
피사체,5
각자,5
완성도,5
크리스마스,5
부임,5
섭렵,5
역임,5
별명,5
디퍼블루,5
실업,5
신호탄,5
긴장,5
불꽃,5
맥핵,5
피차이,5
배열,5
연단,5
증기,5
실질,5
독보,5
관왕,5
첫판,5
기점,5
오래전,5
저커버,5
세액,5
통상,5
송,5
쿠폰,5
배가량,5
성찰,5
유아,5
호재,5
슬론,5
백혈병,5
주역,5
인턴십,5
난해,5
주간지,5
인포,5
반격,5
매치,5
박수,5
과시,5
스타크,5
각축전,5
호모,5
분별,5
배분,5
로보어드바이,5
병행,5
인쇄,5
독려,5
진영,5
의약품,5
꼬리,5
플래닛,5
이기,5
비례,5
부재,5
심포지엄,5
원서,5
의과,5
보험료,5
정기,5
관절,5
경영학,5
모임,5
능동,5
개소식,5
테이,5
세뇌,5
말투,5
혐오,5
지불,5
재능,5
국외,5
소프트웨어학,5
각오,5
개교,5
공천,5
마이너스,5
당선,5
법안,5
원작,5
라이프,5
리그,5
익명,5
판결,5
투명,5
소액,5
제너,5
작업자,5
생산량,5
자재,5
사업장,5
민간인,5
로그인,5
스튜디오,5
레볼루션,5
하나하나,5
투자사,5
전문직,5
알츠하이머,5
테이블,5
재판,5
스마트워,5
우드,5
펀딩,5
창립자,5
안녕,5
주재,5
국어,5
마운틴뷰,5
세계어린이국수전,5
곁,5
본선,5
기억력,5
인성,5
엑,5
과도,5
통독,5
반품,5
다각,5
컨설턴트,5
소자,5
포괄,5
안주,5
대대적,5
순이익,5
다각도,5
역진행,5
교실,5
소프트웨어융합대학,5
서적,5
릴,5
연구단,5
데이터센터,5
던전,5
고기,5
악재,5
어때,5
사옥,5
부패,5
위탁,5
후면,5
콘서트,5
독식,5
확,5
의회,5
거론,5
아미카,5
답안,5
관계사,5
모국어,5
공백,5
덕,5
혼란,5
적자,5
전신,5
우산,5
미래에,5
슬로언,5
매칭,5
럼프,5
박동,5
출국,5
유통업,5
달간,5
유입,5
플래,5
증설,5
종료,5
웨이,5
안저,5
유방,5
원년,5
캐,5
폐지,5
윈,5
이력,5
매뉴얼,5
조례,5
보험금,5
감독원,5
연쇄,5
기술원장,5
승부처,5
협력사,5
너,5
코너,5
농장,5
잡초,5
통일,5
셀프,5
워크숍,5
가치관,5
모의고사,5
디자,5
단국대,5
민족,5
인스타그램,5
사제,5
학파,5
문법,5
옴니채널,5
해체,5
퍼스널,5
망원경,5
가맹점,5
본연,5
이사장,5
다툼,5
사용법,5
집값,5
리서,5
모바일금고,5
주랩,5
로보,5
전사,5
미생,5
계약서,5
망막증,5
하위,5
제품명,5
원자력,5
카펫,5
농도,5
요건,5
컨소시엄,5
단백질,5
암시,5
회컨설팅,5
선사,5
기판,5
이물질,5
트십,5
약효,5
채점,5
숙소,5
농가,5
화실,5
발판,5
호중구,5
광둥,5
메이크업,5
전립선암,5
월시,5
전문대,5
피테크,5
사이언,5
토싱봇,5
더샵,5
디오션시티,5
레넌,5
욕구,4
부합,4
동기,4
실정,4
베스타,4
히트작,4
품목,4
영광,4
응시,4
천문학,4
권유,4
녀,4
취미,4
현명,4
방치,4
편집자,4
성질,4
질서,4
보존,4
개발도상국,4
세비,4
세계인,4
아시안,4
사무,4
동부,4
표방,4
탈피,4
개조,4
밸리,4
우스,4
게시판,4
경연,4
다기능,4
겨울,4
순환,4
발열량,4
권장,4
연소,4
리모콘,4
전압,4
바이러스,4
가열,4
내한,4
전환점,4
문명사,4
우월,4
속성,4
려,4
신비,4
크리,4
액정,4
먹이,4
체중,4
발매,4
신제품,4
현대인,4
고심,4
위쪽,4
응급,4
후방,4
스포츠카,4
우유,4
사양,4
학번,4
기도,4
뒷모습,4
시동,4
세팅,4
헤드라이트,4
해제,4
순발력,4
뒷좌석,4
무역,4
세무,4
숲,4
불빛,4
승용차,4
중형,4
공기압,4
수영,4
호출기,4
독차지,4
일명,4
휴,4
난제,4
샐러드,4
서로,4
동생,4
하드,4
저항,4
젊은이,4
긴급,4
생전,4
지휘,4
성명,4
와이드,4
아무것,4
자발,4
지붕,4
컨셉트카,4
동반자,4
애완견,4
귀국,4
의외,4
양식,4
혀,4
고사,4
모델링,4
필자,4
검은색,4
서기,4
마이너리티,4
안구,4
눈치,4
소변,4
기적,4
공주,4
투영,4
붉은색,4
형사,4
시냅스,4
조류,4
흑백,4
앤드,4
뒤쪽,4
탄력,4
오토,4
울,4
겉,4
문자메시지,4
화살표,4
천,4
태스,4
사막,4
챌린,4
의욕,4
가난,4
휴식,4
미술,4
펠,4
해외여행,4
난관,4
훼손,4
량,4
정성,4
개수,4
모의,4
소비량,4
하우젠,4
산소,4
이온,4
시즌,4
적립,4
악당,4
패러디,4
부활,4
지원서,4
산전,4
의향서,4
주립대,4
염두,4
상자,4
발명가,4
장식,4
종말,4
자식,4
커버,4
갖가지,4
포장,4
띠,4
도면,4
지각,4
낫싱,4
원고지,4
결심,4
수상작,4
평론가,4
진실,4
팩트,4
음성비,4
추측,4
모텔,4
주임,4
보정,4
수배,4
조달,4
단적,4
문구,4
수면,4
탑승,4
배합,4
안보,4
톱,4
동아리,4
응답자,4
합격자,4
입술,4
며칠,4
가까이,4
스릴,4
유리창,4
수평,4
소유,4
산불,4
반란,4
제압,4
반성,4
승산,4
모듈,4
소환,4
동의,4
정반대,4
화석,4
채굴,4
오락실,4
공략법,4
데뷔작,4
도발,4
탈출,4
철,4
욕심,4
게이트,4
군단,4
테니스,4
법무,4
쓸모,4
종사자,4
발송,4
윤곽,4
기우,4
규명,4
이웃,4
케이스,4
정보량,4
숙제,4
자손,4
카테고리,4
적대,4
계산기,4
노벨상,4
다운,4
심심이,4
정수,4
지혜,4
건설사,4
화재,4
가시,4
프라이버시,4
져스,4
무인항공기,4
구애,4
입법,4
냉장,4
한데,4
어워드,4
와인,4
상반,4
인명,4
연도,4
범주,4
지주,4
삭제,4
아이템,4
조항,4
괴물,4
흥분,4
인맥,4
위챗,4
로펌,4
소비재,4
정통,4
차이점,4
판세,4
기력,4
정선,4
염려,4
종국,4
수당,4
왕,4
파고,4
소프트웨어정책,4
베,4
트럼프,4
고개,4
공시,4
실버,4
밀,4
메이,4
사무직,4
소수,4
양질,4
합배,4
쯤,4
언론사,4
무한대,4
평정심,4
오픈소스,4
바둑돌,4
가치망,4
분포,4
비트코인,4
예보,4
건의,4
집결,4
관중,4
동선,4
시일,4
냉정,4
환기,4
도난,4
호전,4
묘수,4
국한,4
앤더,4
직장암,4
췌장암,4
헤,4
레시피,4
미스,4
범용,4
봉사,4
불계,4
연패,4
살해,4
기가바이트,4
주치의,4
승부사,4
로보어드바이저사,4
신탁,4
후취,4
드바이저,4
합성어,4
미래부,4
암울,4
우물,4
순수,4
구루,4
힌,4
튼,4
테마주,4
버그,4
이행,4
개정안,4
어린이집,4
인지컴퓨팅,4
환영,4
포스코건설,4
컴퓨터공학,4
심,4
본심,4
가을,4
사무국,4
자매,4
사고방식,4
포켓,4
소프트뱅,4
커뮤니티,4
전성전,4
미지,4
장수,4
연구력,4
원동력,4
스펙,4
육,4
이념,4
악성,4
자가,4
처벌,4
발급,4
원료,4
피스톤,4
출하,4
마트공장,4
교정,4
은행장,4
위비,4
연례,4
칭,4
아시안리더십콘퍼런스,4
대륙,4
연구소장,4
페이페이,4
미래상,4
이즈,4
션,4
생애,4
깊이,4
역기,4
백지,4
백수,4
밀접,4
타격,4
디베이트,4
양분,4
혼합,4
밸류,4
당부,4
투,4
올가을,4
포난자,4
서비,4
카오,4
이틀간,4
제작사,4
초단,4
연수,4
육감,4
에코,4
독점,4
유수,4
협상,4
데이터사이언스학과,4
유연,4
례,4
어학,4
석권,4
탁상,4
오름,4
흰색,4
스피커다,4
에이브릴,4
외관,4
성폭행,4
검찰,4
다이내믹,4
엔씨소프트,4
땅속,4
중세,4
신러닝,4
도체,4
사립대,4
맞,4
텔레,4
사법부,4
기업인,4
사법,4
소양,4
개막식,4
일간지,4
보원,4
관련직,4
캠프,4
출발점,4
지보,4
잡스,4
객관식,4
사학,4
스핀,4
해고,4
커넥트,4
최다,4
야마,4
전략폰,4
돌발,4
야외,4
월드바둑챔피언십,4
발길,4
밀레,4
림프절,4
외과,4
예측력,4
전자레,4
오해,4
일본인,4
폴,4
유선,4
고용량,4
특허청,4
후기,4
사살,4
독재,4
군대,4
대사,4
감산,4
발주,4
여파,4
밝기,4
시상식,4
책장,4
노예,4
랜,4
피임법,4
물결,4
통역기,4
생략,4
법제처,4
법제,4
나노급,4
근거리,4
자이,4
물색,4
사이즈,4
조직위,4
재계,4
참,4
모바일월드콩그레,4
소프,4
뱅,4
오차,4
귀가,4
렌털,4
출사표,4
클로,4
그래픽카드,4
양자점발광다이오드,4
체질,4
주치,4
패킷,4
압박,4
재배,4
온실,4
오토바이,4
비행체,4
위권,4
보군,4
국립대,4
개시,4
활력,4
버블,4
모범,4
수요자,4
역사학자,4
명상,4
양자점,4
모빌아이,4
배양,4
통운,4
당일,4
모디,4
애플리케이션,4
컨트롤타워,4
전략실,4
연락처,4
저성장,4
스토어,4
차산업,4
카드사,4
결성,4
제휴사,4
투자처,4
인센티브,4
신경회로망,4
재테크,4
처방전,4
엘리트,4
병상,4
청약,4
종족,4
연령대,4
환테크,4
등주,4
미흡,4
개발비,4
웨이브,4
사흘간,4
아리아인,4
굼,4
도상국,4
지명,4
넥스트,4
외출,4
소셜미디어,4
반등,4
모회사,4
건조기,4
블랙,4
하이얼,4
청문회,4
상관관계,4
경도,4
공안,4
관영,4
립스틱,4
어린이재단,4
동무,4
소피아,4
본,4
블랙박스,4
도서전,4
안무,4
의향,4
뉴런,4
만전,4
내외,4
티맵,4
선원,4
퓨로,4
하만,4
교원,4
엑스사,4
평준,4
유전체,4
위생,4
별빛,4
레드존,4
음란물,4
체조,4
하이라이트,4
국무원,4
물세탁,4
양털,4
방탄,4
소년단,4
육안,4
정화,4
론칭,4
무인점포,4
툰,4
관리비,4
적대신경망,4
칼리,4
융합연구,4
외교부,4
전집,4
학술서,4
본진,4
고지,4
관제실,4
롤러블,4
라이벌,4
알파스타,4
프로덕트,4
티몬,4
사정사,4
반송,4
칭다오,4
그라인더,4
반출,4
콘솔,4
렌터,4
전극,4
스낵,3
옥수수,3
치즈,3
부인,3
슈퍼,3
미군,3
엑셀,3
아성,3
대열,3
산정,3
조상,3
공학과,3
포부,3
총명,3
예절,3
고향,3
추억,3
배줌,3
고정,3
와중,3
항의,3
그날,3
절,3
냉전,3
협조,3
구경,3
말씀,3
슬로건,3
공지,3
입안자,3
외면,3
소홀,3
관여,3
메모,3
입수,3
로비,3
국도,3
밀폐,3
풍향,3
잠금,3
공해,3
충고,3
공로,3
벤자민,3
담배,3
컬러,3
모험,3
달러,3
반항,3
에이전시,3
근대,3
획,3
분석학,3
운명,3
위안,3
전문가시스템,3
풍미,3
열흘,3
독신,3
고독,3
전기자동차,3
월드컵,3
신예,3
선진,3
살,3
미국식,3
학장,3
최,3
범퍼,3
팁,3
랜저,3
어백,3
사이드,3
선출,3
스쿨,3
포스트,3
자부심,3
비만,3
현실감,3
크림,3
대치,3
하수,3
아저씨,3
출퇴근,3
속보,3
여유,3
존중,3
주연,3
음식점,3
억제,3
하비,3
불치병,3
출생,3
지골,3
비주얼,3
광경,3
신세,3
결말,3
세단,3
이드,3
혼,3
마력,3
취소,3
너구리,3
초일,3
입원,3
과학고,3
린,3
조형물,3
그래픽이,3
사각,3
질감,3
시시각각,3
전념,3
형제,3
벽면,3
발표자,3
협,3
회의실,3
참석자,3
체형,3
팔다리,3
입출력,3
푸른색,3
부각,3
구비,3
벽걸이,3
분자,3
모태,3
항해,3
친근감,3
만화책,3
컴,3
래빗,3
용기,3
트랜스미션,3
연비,3
클러치,3
벨트,3
체육관,3
전류,3
하이테크,3
계량,3
회피,3
손길,3
채팅로봇,3
종일,3
소녀,3
전진,3
모래,3
폭풍,3
탈락,3
항공편,3
렌터카,3
협의회,3
컵,3
과잉,3
영원,3
동쪽,3
철도,3
름,3
항공우,3
언어학,3
마찰,3
탁기,3
피지,3
드럼세탁기,3
통행,3
휘센,3
전기료,3
압축기,3
분해,3
수소,3
중화,3
세균,3
요령,3
실망,3
재연,3
의족,3
나이트,3
금요일,3
코미디,3
빚,3
인턴,3
수력,3
자력,3
광명,3
어른,3
보톡스,3
아이컵,3
점령,3
청사진,3
테러리스트,3
인터넷망,3
수신기,3
스쿨존,3
상가,3
응모,3
사회자,3
토론토,3
면모,3
속옷,3
온종일,3
장편,3
막장,3
북부,3
넷,3
넥타이,3
패드,3
한식,3
장터,3
윈도폰,3
단서,3
지대,3
이목,3
위반,3
합동,3
상주,3
경보음,3
대별,3
공연장,3
포스터,3
셔츠,3
폭증,3
매개,3
마법,3
기종,3
개선책,3
추이,3
교차,3
차학,3
고출력,3
멘토,3
승기,3
방위고등,3
위원단,3
창안,3
아내,3
불통,3
골목,3
상황실,3
비명,3
교대,3
배회,3
군집,3
침입,3
한번,3
번호판,3
과태료,3
실종자,3
선장,3
재앙,3
축복,3
통신기술,3
보울링,3
핑,3
도전자,3
물속,3
비유,3
가정집,3
간호,3
과일,3
조배럴,3
셰,3
인베,3
호의,3
예매,3
여신,3
쿨,3
공포감,3
지도자,3
중산,3
눈물,3
너머,3
불가,3
네이처,3
말단,3
일축,3
한국어판,3
연결망,3
돌기,3
미국,3
디테일,3
불행,3
후반부,3
화이트,3
직업군,3
명문,3
필연,3
진공관,3
펜,3
손톱,3
혁신가,3
진저,3
맘,3
가명,3
수다,3
취,3
운영비,3
국토부,3
상공,3
순찰,3
전소,3
축구장,3
생중계,3
운반,3
자비스,3
장밋빛,3
유익,3
게릭병,3
직렬,3
무지,3
피곤,3
로스트,3
방영,3
주어,3
씨름,3
효능,3
음주,3
칼럼니스트,3
시안,3
복장,3
고릴라,3
집착,3
강사,3
룹,3
올여름,3
공계,3
우수상,3
친절,3
로다,3
한국말,3
간판,3
소극,3
독특,3
연주,3
여럿,3
교육법,3
카스파로프,3
일방,3
구리,3
일체,3
전액,3
심정,3
실황,3
회견장,3
펨브,3
리지,3
획득,3
어니스트펀드,3
신용도,3
연체,3
세월,3
종사,3
메타,3
발탁,3
경선,3
전후,3
방송사,3
시사,3
제자리,3
이견,3
경제학자,3
포시즌스,3
전패,3
미림,3
누리그림,3
기상캐스터,3
농구,3
조화,3
알파고끼,3
이정표,3
논평,3
도박,3
통째,3
지원책,3
신산업,3
신성,3
통증,3
급성,3
수순,3
군림,3
야간,3
저화질,3
거품,3
에이디칩스,3
과열,3
래일,3
분실,3
웨,3
격변,3
맹목,3
문진,3
콧물,3
두통,3
운전사,3
세무사,3
상사,3
벌융,3
합공학부,3
초등,3
등록금,3
기숙,3
교환학,3
이매진컵,3
그래픽스,3
디지털콘텐츠,3
먼트,3
한류,3
저조,3
형체,3
은하,3
리눅스,3
공생,3
의중,3
몽백합배,3
종속,3
당혹,3
반전,3
파운트,3
프로세스,3
분석력,3
지게,3
총선,3
이분법,3
명분,3
파생,3
심혈,3
타자,3
파기,3
타진,3
이듬해,3
후발,3
급여,3
판명,3
연발,3
지역구,3
헌법,3
개정,3
선거구,3
감축,3
변협,3
공교육,3
꼴,3
생산력,3
스트,3
단편,3
연역법,3
클러스터,3
게임사,3
블리,3
몸값,3
앱스토어,3
게임업체,3
성차별,3
학살,3
증오,3
의자,3
복구,3
지옥,3
짓,3
대두,3
선악,3
규범,3
부자,3
송두리,3
이질,3
맥,3
파이팅,3
입상,3
경시,3
구심점,3
단국,3
마약,3
중독,3
계파,3
퇴출,3
복종,3
아이작,3
동명,3
테니얼,3
앤,3
픽션,3
또래,3
부하,3
결집,3
국제학술지,3
대화창,3
심리학자,3
재판소,3
명시,3
파괴력,3
정유,3
항공사,3
공장장,3
원가,3
기금,3
주요국,3
모바일뱅킹,3
이해력,3
공채,3
에세이,3
세계사,3
수리력,3
기업가,3
펀,3
월가,3
외환,3
트랜스퍼,3
등록비,3
포진,3
스파,3
씨,3
서치,3
머그잔,3
인민,3
약진,3
교육학,3
근원,3
척도,3
자취,3
진단법,3
통계학,3
법정,3
본토,3
전자상거래,3
이례,3
앵커,3
탱크,3
행태,3
협회장,3
옹호,3
라우드,3
부재료,3
소고기,3
이브,3
안도감,3
시스템스,3
설탕,3
강제,3
퀴즈왕,3
우리말,3
자국어,3
지니톡,3
경마,3
커서,3
가장자리,3
얼리,3
조율,3
연매출,3
쾌승,3
스키,3
영재,3
거행,3
모멘텀,3
알짜,3
성취,3
복도,3
학생부,3
장단점,3
정독,3
포드,3
경제지,3
인터,3
몰,3
악화,3
편성,3
기전공학부,3
티레이더,3
타이밍,3
집게,3
재활,3
복기,3
탄소,3
초미세,3
면면,3
꾸러미,3
기름,3
원유,3
파산,3
마케터,3
평판도,3
제고,3
비법,3
배달음식,3
호소,3
전례,3
연면적,3
벨,3
캘린더,3
멜,3
밸브,3
그늘,3
간부,3
소울,3
난이도,3
이터널,3
마션,3
성패,3
헬로비전,3
디스,3
고정관념,3
중복,3
개발진,3
살라쿠,3
방주,3
쓰나미,3
조종사,3
민주,3
강연자,3
팽배,3
표적,3
적군,3
키틀로스,3
정찰,3
만점자,3
주관식,3
소프트웨어콘텐츠,3
모그,3
어원,3
왜,3
자각,3
명단,3
링크,3
디스크,3
난달,3
도서관,3
주주,3
딥젠고,3
드왕,3
기술진,3
집반,3
만회,3
포스,3
폴더블,3
더블,3
힌턴,3
종양학,3
유로,3
눈높이,3
용산점,3
네트웍,3
피팅,3
지하철,3
집도의,3
투여,3
복강경,3
재발,3
본관,3
몸무게,3
요법,3
예언자,3
취급,3
권력,3
라디오,3
하만카돈,3
내년도,3
수심,3
출혈,3
자급,3
보잉,3
다학,3
숙지,3
주소,3
연예,3
아이돌,3
강대국,3
베테랑,3
경쟁국,3
반상,3
소문,3
중국,3
초유,3
소유자,3
기부금,3
초과,3
나흘,3
마트홈,3
차두원,3
불황,3
리스크,3
국면,3
수주액,3
회원국,3
절벽,3
제품군,3
거스,3
안쪽,3
징검다리,3
착륙,3
관례,3
추진단,3
영양,3
덩어리,3
아바타,3
노동력,3
정맥,3
고사양,3
로고,3
시연회,3
도깨비,3
호출어,3
리걸테크,3
여력,3
지칭,3
생물학자,3
분배,3
씨앗,3
뉘앙스,3
가중,3
다국어,3
국적,3
신년,3
벤치마킹,3
수고,3
상속,3
진단서,3
반도,3
축,3
반론,3
쥐,3
표지판,3
림픽,3
토대학,3
로드맵,3
자연수,3
성립,3
단세포,3
열매,3
평상시,3
썰매,3
월드콩그레,3
봅슬레이,3
스피드,3
경연장,3
정수기,3
가정용,3
듀얼카메라,3
아이탐,3
사후,3
부실,3
수료,3
농촌,3
발육,3
일일,3
상추,3
가지,3
관문,3
돼지,3
유전병,3
월간,3
후배,3
성적표,3
환산,3
배가,3
사무관,3
온난,3
커튼,3
퇴역,3
르,3
퇴사,3
억양,3
타임,3
수작업,3
택배사,3
인접,3
카트,3
발끝,3
분당점,3
신선,3
영수증,3
실봇,3
베일,3
모바일앱,3
치중,3
가로수길,3
브렛,3
허블,3
인공위성,3
완간,3
판권,3
세력,3
거래량,3
시세,3
일평균,3
금시장,3
해프닝,3
기가지,3
견제,3
킨,3
장세,3
패자,3
천정부지,3
다발,3
정시,3
복용,3
약학,3
국수,3
마곡,3
요자,3
프트,3
비대,3
원화,3
환,3
치부,3
천차만별,3
충원,3
선고,3
컴퍼스,3
어비스,3
악영향,3
왜곡,3
커플,3
쌍,3
오리진,3
만화계,3
비빔밥,3
근간,3
탈론,3
채광,3
프로펠러,3
진공,3
덱스터,3
미아,3
낸,3
로봇청소기,3
보플,3
하이퍼,3
해상풍력,3
화이트게,3
파운데이션,3
혈당,3
청구서,3
요리법,3
보킹,3
일리메일,3
신분증,3
통장,3
신축,3
이토,3
베이,3
헬로,3
에이브,3
풍속,3
구직자,3
수익원,3
몸집,3
카카오아이,3
소득세,3
메이트,3
데이,3
퀵드라이브,3
큐레이터,3
흡입력,3
액자,3
허락,3
법학,3
공직자,3
시효,3
벤터,3
복원,3
애저,3
수술실,3
머병,3
수배자,3
부과,3
음란,3
상환,3
정산,3
수화,3
샷,3
잔고,3
도미,3
소피,3
가위바위보,3
감탄사,3
대박,3
회화,3
이모티콘,3
브로드밴드,3
브로드,3
음반,3
소름,3
범접,3
사흘,3
증진,3
비보이,3
작사,3
수하물,3
스루,3
서밋,3
디자인융합,3
싱킹,3
원어민,3
기린,3
뉴럴,3
포상,3
상품권,3
출자,3
전성기,3
컨테이너선,3
수조,3
국영,3
손영,3
작곡자,3
블루홀,3
야생,3
롤러코스터,3
정통부,3
아이스,3
피겨스케이팅,3
방호,3
전스랩,3
토출구,3
오프라,3
토핑,3
트시티,3
서가,3
리테일,3
챗봇지니,3
시황,3
채팅창,3
카카오미니,3
채,3
호라이즌,3
동인비,3
이모지,3
메뉴판,3
잔,3
파운드리,3
칭화,3
수입액,3
시범망,3
올인,3
유포,3
병원균,3
소개팅,3
셰얼,3
소매,3
게시,3
세븐일레,3
제철소,3
배달통,3
품격,3
레드,3
의약국,3
함성,3
마스터스,3
하이라이,3
보행,3
최상,3
센스타임,3
헌장,3
학대,3
전직,3
전스랩스,3
세척,3
중개,3
파필터,3
디디추싱,3
보이콧,3
비보,3
작업장,3
국수부,3
지망,3
중위,3
부총리,3
세탁실,3
코드제,3
통칭,3
아모레퍼시픽,3
헤어숍,3
헤어스타일,3
고음질,3
패브릭타임,3
벽시,3
대시,3
짜장면,3
자연재해,3
바나나,3
직군,3
유영,3
경비원,3
스폿,3
스탠더드,3
혁신처,3
후보군,3
단과대,3
바이트,3
네발,3
학령기,3
에듀,3
산단,3
자국민,3
환청,3
지사장,3
이케아,3
지능학,3
뇌신호,3
부응,2
농심,2
밀가루,2
쇠고기,2
가루,2
요구르트,2
락,2
월평균,2
반기,2
전자업,2
캠코더,2
전자레인지,2
퍼지,2
입학시험,2
세차장,2
외아들,2
승화,2
누나,2
허드렛일,2
생계,2
대지,2
형편,2
여행지,2
줌,2
초점거리,2
카메,2
줌카메라,2
파인더,2
오프,2
애프터,2
부당,2
여름철,2
습기,2
변색,2
장기간,2
과학부장,2
개회식,2
중식,2
입장객,2
정착,2
우연,2
전통문화,2
개도국,2
참가국,2
총회,2
만장일치,2
칭호,2
어령,2
경각심,2
요란,2
남쪽,2
신도시,2
광역,2
광통,2
신망,2
입안,2
확충,2
도시계획,2
출처,2
이기주의,2
사이버시티,2
혜안,2
이의,2
네비게이터,2
항해사,2
여기저기,2
도사,2
컴맹,2
들,2
온라인쇼핑,2
바보,2
과기원,2
건교부,2
착공,2
만도기계,2
신상품,2
윙,2
풍,2
스토브,2
침실,2
캐비닛,2
통풍,2
감기,2
점화,2
배역,2
메달,2
전철,2
열차,2
볼보,2
중대,2
기독교,2
지배자,2
전락,2
뿌리,2
진가,2
공산,2
선교,2
장사진,2
완구,2
주고객,2
수수께끼,2
핀핀,2
잔치,2
배출가스,2
몸무,2
승차,2
위치확인,2
구급대,2
사각지대,2
력,2
배기,2
팩,2
자웅,2
준공,2
고급강,2
상임,2
시공사,2
봉,2
준공식,2
압연,2
관능,2
명예학생,2
대외,2
아담,2
롬,2
클래식,2
손잡이,2
호수,2
겸용,2
레버,2
꼬,2
엉덩이,2
환풍기,2
란,2
편집국장,2
대학장,2
강연회,2
학술회의,2
발행인,2
문화재,2
지령,2
국민운동,2
송자,2
커브길,2
커브,2
전트,2
야심작,2
전방,2
곡선,2
직선,2
타이어,2
귀마개,2
너럴,2
잡,2
변모,2
이동로봇,2
꿈돌이,2
퀴,2
외양,2
경사,2
속수무책,2
홀데인,2
근,2
꺼,2
빵,2
콩,2
하품,2
샤워실,2
음파,2
계란,2
스테이크,2
경악,2
옐로,2
절단,2
시뮬레이터,2
극초,2
델,2
싸구려,2
범람,2
위헌,2
기증,2
상영,2
플롯,2
스페이,2
웹검색,2
모교,2
서술,2
냉동,2
입양,2
어둠,2
평단,2
급진,2
드라이빙,2
단수,2
레저용차,2
신장,2
신모델,2
스파이더,2
드림,2
륜,2
얘네,2
커피숍,2
어조,2
접근법,2
첨,2
겸손,2
독주,2
맞이,2
초능력,2
한지,2
광원,2
솜씨,2
극치,2
파이널,2
환타지,2
여주인공,2
짐작,2
손동작,2
매킨,2
열연,2
아카데미상,2
아티스트,2
턱시,2
차림,2
미소,2
대학원생,2
드럼통,2
전채,2
촉수,2
경찰관,2
명장,2
언더,2
코플,2
유저,2
광선,2
레이아,2
허공,2
밀도,2
앞면,2
반사체,2
해명,2
언어학자,2
학제,2
정립,2
음료수,2
제의,2
유틸리티,2
팁트,2
멀티트로닉,2
매틱,2
온기,2
몸속,2
청소로봇,2
인터넷판,2
파로,2
제때,2
녕,2
운세,2
이용료,2
부문장,2
완주,2
주저,2
검색자,2
야후,2
타임머신,2
다이빙,2
줌인,2
홀로그램,2
콘택트,2
공짜,2
배포,2
일방통행식,2
레저,2
비관,2
사이버상,2
브랜,2
점심,2
검색창,2
패키지,2
트카,2
고등학생,2
노후,2
밸,2
궁리,2
시간가량,2
럼세탁기,2
강구,2
교통량,2
에어컨과,2
성수기,2
어컨,2
신피,2
콘,2
라이,2
경전,2
임피리얼,2
보석,2
반지,2
액세서리,2
공구,2
대략,2
거실벽,2
혈우병,2
검색대,2
출생자,2
연구동,2
주먹,2
좌표,2
주행자동차,2
횡단보도,2
감속,2
정문,2
분할,2
뇌졸,2
파킨슨병,2
수납,2
범,2
인공물,2
혼잣말,2
센스,2
액수,2
모루아,2
예심,2
합세,2
연관어,2
날씨다,2
울림,2
캐릭,2
하루키,2
이태,2
파커,2
실용서,2
무협지,2
뒷날,2
하나님,2
갈대,2
배상,2
대변인,2
마디,2
전화번호,2
날씨정보,2
말만해,2
약속일,2
기념일,2
여신상,2
텔미,2
사상구,2
인적,2
전조,2
주택가,2
체육,2
대동,2
그물망,2
놀이터,2
주정차,2
절도,2
교육청,2
연일,2
지구대,2
조짐,2
템,2
강호,2
몰락,2
정점,2
호령,2
침몰,2
스토리텔링,2
다정,2
아이콘이,2
반향,2
하인츠먼,2
금속판,2
날짜,2
열람,2
거래처,2
허비,2
신물질,2
조도,2
미연,2
흥,2
국민대,2
운전대,2
무인차량,2
자동차공학,2
발머,2
피터,2
칠판,2
가칭,2
영토,2
질문자,2
폭주,2
뇌공학,2
편지,2
이혼,2
구스,2
행장,2
순찰차,2
자해,2
공갈단,2
파장,2
폭발음,2
휠체어,2
할아버지,2
족집게,2
노란색,2
운동장,2
해결사,2
심야,2
미납,2
자연재,2
목성,2
명문대,2
착오,2
인격체,2
상실,2
개리,2
스파로프,2
참패,2
학습지,2
변리사,2
레딧,2
해악,2
추위,2
숨,2
고통,2
해독기,2
꼰대,2
의존도,2
좌파,2
배럴,2
문예,2
작학,2
하사,2
끼,2
선망,2
비정,2
랑,2
렉,2
풍자,2
테니얼맨,2
존엄,2
품,2
디온,2
채피,2
질투심,2
뜻밖,2
레이크아웃,2
전차,2
허리케인,2
컴퓨,2
화물차,2
운전기사,2
한몫,2
뇌지도,2
생쥐,2
색칠,2
종잇장,2
이어,2
아카데미,2
개골,2
감옥,2
호랑이,2
파리,2
갑,2
을,2
도마뱀,2
궤도,2
매사,2
시상,2
주창,2
텍스트앳,2
애정,2
호감,2
최모,2
신저,2
비타민,2
호야,2
고백,2
정수장,2
수도관,2
누수,2
겨울철,2
파급력,2
토목,2
주상,2
해운사,2
구호품,2
건설업,2
결혼식,2
대한,2
계류,2
에이지,2
자비,2
서막,2
비디오게임,2
킹,2
임신,2
온라인쇼핑몰,2
유비,2
쿼터스,2
제쯤,2
옆집,2
관통,2
사료,2
낮잠,2
세련,2
정장,2
궁핍,2
계발,2
심장병,2
응급실,2
암흑,2
신갈,2
호법,2
분기점,2
피로,2
시초,2
품종,2
촛불,2
케이크,2
타이핑,2
다음번,2
엔스푼스,2
타격감,2
마니아들,2
싫증,2
난이,2
측정기,2
뉴로,2
링크드인,2
리드,2
설계도,2
와츠,2
속뜻,2
패스트,2
뇌출혈,2
교육학자,2
인터넷기업,2
표지,2
상조,2
연맹,2
디퍼,2
동요,2
바통,2
하사비스,2
제작자,2
중국식,2
대국료,2
성전,2
오답,2
대출자,2
부도,2
브린,2
군도트라,2
인방,2
지아난,2
저가,2
지메일,2
본체,2
연호,2
정돈,2
유권자,2
상원,2
구매력,2
반세기,2
과도기,2
금전,2
하순,2
최철,2
톱스타,2
일원,2
수읽,2
수읽기,2
언저리,2
프로기사,2
주임교수,2
중간급,2
아케이드,2
경기력,2
음절,2
스모그,2
최강인,2
모의실험,2
끝내기,2
응징,2
불계패,2
예의,2
최강자인,2
칼럼니스트기획,2
오지,2
커버그,2
교통망,2
구호,2
직관력,2
터통신,2
일인자,2
판돈,2
최후,2
자부,2
호흡,2
엊그제,2
자원부,2
장동력,2
산업부,2
혈관염,2
남부,2
결투,2
컨설팅사,2
코앞,2
자제,2
고뇌,2
사무소,2
지능주,2
이크로컨트롤러칩,2
지주사,2
소셜네트워킹,2
수퍼컴,2
컴퍼니,2
경부암,2
헤지,2
비견,2
일본,2
분쟁,2
딜,2
정보대,2
의혹,2
문병,2
만일,2
독학,2
지뢰,2
수시모집,2
명품,2
중학교,2
종대,2
스톤,2
맥스,2
보호학과,2
중심대학,2
엔터테,2
매니지먼트,2
공저자,2
스펙트럼,2
고품격,2
섹션,2
위클리,2
루즈,2
오토메이션,2
아우디,2
양상,2
일생,2
국서,2
통산,2
체면,2
스카이넷,2
시어,2
서맨사,2
제타바이,2
방대,2
상반기쯤,2
징조,2
기량,2
메이어,2
경주,2
스카이,2
전일,2
손발,2
개기,2
케어,2
보람,2
자유분방,2
혈기,2
겸양,2
압박감,2
죄인,2
파행,2
인내력,2
언행,2
은행권,2
쿼터백투자자문,2
어드바이저사,2
추정치,2
강간,2
제타바이트,2
뒷북,2
각사,2
선상,2
이윤,2
윤,2
사익,2
공익,2
지재단,2
노조,2
근로,2
풍토,2
기체,2
부학장,2
판타스틱,2
엔지니어링,2
국방고등,2
프랫,2
이근배,2
데뷰,2
사유,2
하락세,2
차익,2
자만,2
한수,2
공단,2
압류,2
국제법,2
보증,2
공직,2
선거법,2
의결,2
국회의원,2
환원,2
파문,2
막말,2
테러방지법,2
지연,2
찬반,2
야당,2
창간,2
이득,2
여론면,2
높,2
저금리,2
임금,2
삭감,2
개원,2
진료비,2
친환,2
현주소,2
집권,2
수장,2
허사비,2
니혼,2
공립,2
쾌거,2
자처,2
미스터리,2
상담가,2
유치원,2
선천,2
자질,2
제스처,2
등산,2
자아상,2
믹싱,2
고든미디어,2
선수촌,2
센트,2
액티,2
마블,2
명가,2
선풍,2
게임업계,2
플레이스테이션,2
온라인게임,2
극우주의,2
미안,2
교도,2
욕,2
세계컴퓨터바둑,2
유대,2
분간,2
폭동,2
예시,2
성경,2
이과,2
네트워킹,2
앵그리버드,2
사이언스학과,2
융합대학,2
비주얼컴퓨팅,2
전교,2
우선순위,2
지면,2
여야,2
총체,2
권력자,2
봇물,2
열등,2
비서형,2
소프트웨어인,2
동조,2
질투,2
발현,2
멸종,2
이지,2
결정체,2
여과,2
유죄,2
소굴,2
동등,2
유동,2
토탈,2
탐사선,2
동양,2
종업원,2
알루미늄,2
겐,2
완제품,2
스포츠유틸리티차량,2
연구단장,2
야기,2
생화학,2
기관총,2
스마트뱅킹,2
처지,2
닛,2
필기,2
예년,2
고사장,2
확실,2
실물,2
큰손,2
한자리,2
아시,2
리더십콘퍼런,2
파수,2
주파수,2
통신업,2
콩그레스,2
보충,2
밀집,2
모면,2
글로벌벤처,2
보컬,2
이모션트,2
인수전,2
메타마인드,2
차회사,2
디스토피아,2
태생,2
샴페인,2
조교수,2
헬스테크,2
소아과,2
에어,2
때쯤,2
우뇌,2
관장,2
몰입,2
서사,2
마부,2
법조인,2
밑거름,2
학부장,2
보이,2
엔지,2
갤러리,2
통계학자,2
곱,2
덩컨,2
싱크,2
매몰,2
청중,2
완패,2
초등학생,2
애플리케,2
주재료,2
양념,2
궁합,2
푸드,2
다크,2
카트리지,2
굴,2
조교,2
당황,2
시인,2
곤충,2
쪽,2
자율주행차,2
크리에이션,2
흑자,2
순항,2
셈,2
어답터,2
레버넌트,2
데이드,2
데이드림,2
한게임,2
예감,2
억만장자,2
브릴,2
수완초,2
대리인,2
토너먼트,2
꿈나무,2
유망주,2
패시브,2
천박,2
수요일,2
지원단,2
퇴근길,2
학종,2
변질,2
다이,2
캐치프레이즈,2
리딩,2
버릇,2
길안,2
크레이그,2
인사이더,2
이종,2
트기기,2
스마트기기,2
머신비전,2
체득,2
유안,2
트레이딩,2
예금,2
원금손실,2
황반,2
변성증,2
폐막,2
창의소프트,2
주안점,2
전공학부,2
만화애니메이션텍,2
디지털미디어,2
포켓몬,2
실증,2
개장,2
시차,2
별별,2
투자증권,2
성장주,2
레버리지,2
인버스,2
과세,2
인텔,2
구가,2
논문당,2
버디,2
라운,2
여타,2
전년도,2
사업비,2
의소프트,2
즈랩,2
초롱,2
퇴직금,2
어플리케이션,2
중기,2
사업주,2
램프가,2
세기폭,2
단시간,2
무더위,2
연구회,2
표철식,2
신호등,2
곡명,2
보일러,2
클럽,2
테이프,2
슬라이드,2
수염,2
피부색,2
회생,2
직책,2
양자,2
도청,2
접속역,2
과다,2
영장,2
현생,2
대립,2
맷,2
광부,2
하드디스크,2
어구,2
님,2
질의,2
찬사,2
아마존,2
비메모리,2
모바일용,2
클라우드,2
적법,2
플러,2
주무,2
되풀이,2
불씨,2
사리,2
사욕,2
조찬,2
로바,2
학내,2
일색,2
뷰,2
냅,2
힘겨루기,2
주선,2
행정학,2
경영인,2
모체,2
설립자,2
판결문,2
연방,2
구재단,2
자율주행,2
잠수,2
군사력,2
부탁,2
맞수,2
인디,2
모금,2
주문자,2
즉석,2
개국,2
리더스,2
축사,2
롤,2
잼,2
자수,2
볼룸▲등록,2
장학퀴,2
벽지,2
편향,2
내재,2
정복자,2
넥,2
집대성,2
체이어,2
대표직,2
각인,2
코슬,2
미투,2
양손잡이,2
양방향,2
편안,2
후진,2
관료,2
영미,2
전자기,2
접전,2
전왕전,2
업그레이드판,2
혜,2
그랜드,2
투자액,2
내정,2
석상,2
퇴임,2
버팀목,2
조언자,2
대마,2
최종국,2
전투력,2
공식전,2
인자,2
샘모바일,2
뒷면,2
서비스업,2
풀리그,2
인지품질,2
차전,2
격돌,2
강남점,2
여행객,2
플래그십,2
신진,2
타워,2
증축,2
첫해,2
대장,2
병리학,2
암병원,2
의뢰,2
본드릭,2
골프장,2
플리커,2
일쑤,2
포옹,2
고릴,2
새바람,2
형국,2
오디오북,2
새끼,2
반대편,2
스타트,2
홈버튼,2
단자,2
연장선,2
방진,2
계획안,2
육박,2
코타,2
사무기기,2
감별,2
김,2
집도,2
컴퓨터단층촬영,2
주황색,2
식음료,2
과자,2
증후군,2
개소,2
감염병,2
기획사,2
부흥,2
당선인,2
기피,2
국경,2
킬,2
정권,2
사견,2
탄식,2
등판,2
쇠퇴,2
세습,2
단체전,2
탈퇴서,2
적립금,2
바둑왕전,2
양극,2
단종,2
곤욕,2
디비피디아,2
립,2
우리,2
민주주의,2
일간,2
쥐트,2
이체차이퉁,2
희생자,2
암리,2
도피,2
비자,2
입국,2
교외,2
이즌,2
고체,2
리튬,2
국식,2
작정,2
화물,2
소포장,2
급감,2
가뭄,2
후퇴,2
유업,2
신차,2
트렁크,2
콘셉트카,2
뒤편,2
진동판,2
유인,2
뷰티,2
골프,2
주한,2
손가락뼈,2
흉부,2
결핵,2
겨드랑이,2
전이,2
골수,2
굴착기,2
분신,2
우딩,2
사계절,2
빌트인,2
영업력,2
에센셜,2
내구,2
시청각,2
보기,2
별점,2
유언장,2
수임료,2
본래,2
허영심,2
번식,2
신카이,2
물의,2
수첩,2
급조,2
속도로,2
연구본부,2
장학,2
처장,2
뺑소니,2
자치,2
유플,2
새판,2
통신업체,2
핀크,2
퍼센트,2
입성,2
금융봇,2
한도,2
련,2
웨이퍼,2
과실,2
유행어,2
부제,2
태스크포스,2
고서,2
슈랑스,2
판매액,2
팹,2
첨병,2
노크,2
미량,2
공기질,2
급제동,2
강소,2
의료법,2
럭시,2
인테리어,2
인원수,2
친분,2
후문,2
시스트란,2
명사,2
생물체,2
과업,2
생중,2
이동통,2
위력,2
싱크뷰,2
겨스케이팅,2
각계,2
원대,2
관전,2
이치,2
가스레인지,2
발광다이오드,2
네트웍스,2
장난,2
셀장,2
해외로,2
설문지,2
공인인증서,2
리스,2
자리매,2
겉모습,2
퓨처로봇,2
스마트에너지,2
그해,2
광발,2
발전량,2
고부,2
에피스,2
발돋움,2
손익,2
견실,2
흥원,2
자기,2
상권,2
승격,2
전광판,2
세미,2
저축,2
본업,2
총력전,2
시그,2
서비스사업부,2
소량,2
스마트팜,2
농산물,2
콤파노,2
밭,2
생산비,2
상관,2
친,2
과언,2
메신,2
컬처,2
세뱃돈,2
동급,2
불임,2
틈,2
최정상,2
일단,2
타이젬,2
천지,2
학력,2
코칭,2
도로보군,2
사립대학,2
극장,2
극장동시상영작,2
개봉관,2
일례,2
국가인재원,2
러브콜,2
성황,2
수련,2
자택,2
전쟁사,2
시험관,2
비관론자,2
경직,2
참전,2
보너스,2
리베이,2
보훈부,2
텀,2
볼륨,2
사운드바,2
지식인,2
스턴트,2
대작,2
학상,2
펭귄,2
가장,2
중심경영,2
특,2
기한,2
한곳,2
단정,2
아웃,2
레이스,2
휠소터,2
터미널,2
출고,2
당일배송,2
다변,2
니즈,2
니채널,2
트픽,2
픽업데스크,2
바구니,2
바코드,2
발사이즈,2
침반,2
인피니티,2
상하좌우,2
화장,2
코디,2
발족,2
엘큐브,2
샘,2
컨택트,2
수차례,2
고조,2
황금가지,2
외형,2
휴고상,2
아작,2
사소,2
저변,2
부작,2
글쓰,2
콘테스트,2
챌린지,2
플랫폼인,2
양복,2
연차,2
참여자,2
우량,2
풍문,2
고착,2
중위험,2
중수익,2
면제,2
공유기,2
딜라이브,2
경이,2
자모,2
파편,2
설전,2
경신,2
모양새,2
싸움터,2
국정,2
대표주,2
시스코,2
추종,2
평가사,2
재간접,2
피델리,2
피델리티글로벌테크놀로지,2
지지부진,2
속출,2
신중,2
대만,2
평정,2
격,2
무어,2
장려,2
기입,2
원고,2
통역번역,2
특강,2
대학원장,2
함양,2
약료,2
천국,2
행진,2
진격,2
행마,2
반집,2
왼손,2
후회,2
멘털,2
천하,2
완파,2
주관사,2
실탄,2
수율,2
꼬리표,2
홍보관,2
배후,2
킨텍스,2
완판,2
대단지,2
출중,2
고위험,2
인출,2
알림,2
기타,2
우대,2
굴뚝,2
재원,2
다년간,2
입금,2
선취,2
우량주,2
드바이저펀드,2
트베드,2
금기,2
강전,2
형량,2
징역,2
성폭력,2
전과,2
항소,2
모니,2
적응자,2
순종,2
창조물,2
븐,2
창조자,2
에이리언,2
톤,2
노장,2
필생,2
피드백,2
개요,2
인터넷업계,2
계기판,2
인터넷포털,2
스탠다임,2
양사,2
덱,2
배우자,2
치유,2
경유지,2
낙서,2
이아이,2
매스,2
배움,2
권고,2
담보,2
의예과,2
뷰노,2
당근,2
사냥감,2
일치도,2
불길,2
소방,2
소방관,2
광물,2
다량,2
자석,2
우주인,2
암석,2
윤활제,2
교통비,2
올봄,2
축산,2
농축,2
우라늄,2
천연가스,2
전력량,2
환경오염,2
청정에너지,2
결함,2
선봉,2
옷장,2
한숨,2
스티치,2
픽스,2
내과,2
구소,2
평가실,2
선견,2
페이팔,2
공군,2
복무,2
셜미디어,2
우회,2
반년,2
전과자,2
걸음걸이,2
선글라스,2
신원,2
버지,2
연산량,2
불복종,2
골몰,2
유의미,2
배트맨,2
웃음,2
호환,2
크리에이티브,2
명보,2
만세,2
무능,2
반문,2
베이비,2
봉기,2
이비,2
빙,2
중신증권배,2
로이터통신,2
사악,2
자용,2
플로,2
오염도,2
파워봇,2
문턱,2
노릇,2
후보자,2
정직,2
자격증,2
극작가,2
디지털음원,2
매출액,2
빌,2
오븐,2
가전업체,2
프레스,2
전시품,2
특검,2
속도전,2
놀로,2
스피,2
항변,2
스트로,2
대표원장,2
촉,2
경과,2
캐뉼라,2
부기,2
의공학,2
뇌질환,2
국책,2
행인,2
그물,2
디오,2
감시망,2
실상,2
불순,2
벌금,2
최고액,2
인스타,2
허난,2
폭로,2
전초,2
앞장,2
조력자,2
뇌전증,2
기계음,2
핑크색,2
향수,2
와인색,2
뇌과학자,2
탐침,2
방해,2
다빈치,2
댄,2
경매,2
양옆,2
밀밭,2
첨부,2
예능,2
커리,2
트싱스,2
삼,2
빅스,2
전면전,2
원본,2
정규직,2
교수직,2
결,2
싱귤래리티,2
글라스,2
초격차,2
꼼수,2
곤경,2
노텍,2
업무량,2
액정표시장치,2
광학,2
탑승객,2
소지,2
출국장,2
체크인,2
수속,2
백드롭,2
포화,2
촉구,2
준우승,2
멀티코어,2
근삿,2
일용,2
대축제,2
녹취,2
방면,2
진작,2
소속감,2
모빌아,2
협약식,2
쏠,2
중환자,2
씽큐허브,2
육지,2
적재,2
꼬마,2
사면,2
보직,2
소프트웨어센터,2
임명,2
화가,2
마젠타,2
모바일게임,2
사운드실,2
슨,2
맹수,2
빔프로젝터,2
파노라마,2
마스코트,2
과기,2
만끽,2
다삼,2
아트,2
윈드리버,2
회원사,2
개방형,2
관련자,2
협의체,2
스마트가전,2
콘트롤,2
시대앞,2
오토모티브,2
바이오기업,2
녹십자,2
대원,2
분담,2
플런티,2
융복합사업,2
게임업,2
난치,2
삽입,2
내성,2
비대면,2
공전,2
파봇,2
타이탄,2
펜션,2
캠핑,2
젊음,2
픽,2
엑스아이,2
집중력,2
터테인먼트,2
생활상,2
집무실,2
크로,2
아쉬움,2
일치율,2
부암,2
야놀자,2
수록,2
풍량,2
근무자,2
출고가,2
공과금,2
납부,2
쌤,2
줄임말,2
하이뱅킹,2
배민,2
색감,2
영위,2
쓰,2
군중,2
외부인,2
취항,2
보여,2
진열장,2
극빈,2
전염병,2
고비,2
암실,2
판로,2
물품,2
큰아들,2
손자,2
콩이,2
간암,2
귀현,2
승무원,2
진군,2
세로토닌,2
드럼클럽,2
낮,2
스스,2
임기,2
료원,2
재지정,2
재투자,2
해커,2
규,2
백혈구,2
중환자실,2
페어,2
눈썹,2
대국장,2
소목,2
삼삼,2
수법,2
괴,2
멘토링,2
언택트,2
리테일테크,2
소매점,2
상품군,2
노원점,2
범칙금,2
고지서,2
텔리퓨전,2
고해상,2
평점,2
매대,2
텔링크,2
점주,2
취객,2
심도,2
음성비서,2
플렉스워,2
청바지,2
철소,2
후판,2
포스코,2
요기,2
추,2
치맥,2
요트,2
뺨,2
퀀트랩,2
주크덱,2
자형,2
키즈,2
환도,2
산성,2
팝,2
아이스쇼,2
토바,2
비식,2
폐업,2
영문,2
타치제작소,2
선충,2
양병,2
사교,2
전자책,2
제비,2
중문대,2
영웅,2
루빅스,2
인플루엔자,2
미용실,2
다바이,2
만성,2
보호법,2
점심시간,2
자판기,2
책정,2
비재,2
업그레이드해,2
어뷰징,2
앰프,2
모티브,2
미니언즈,2
팟캐스트,2
직진,2
거주자,2
냉·난방,2
신반포메이플자이,2
영입전,2
아대,2
제각각,2
피부암,2
주취자,2
분석가,2
영양분,2
문어,2
지능지수,2
자율살상무기,2
토비,2
살상무기,2
철회,2
칩셋,2
경고등,2
오포,2
비디오테이프,2
데이트,2
스봇,2
밥맛,2
냉동밥,2
서큘레이터,2
일시불,2
큐브,2
갑질,2
변액,2
챗,2
어린이국수,2
지난봄,2
릴라제,2
원생,2
사범,2
진국,2
사상가,2
평택,2
장비주,2
터보,2
브러,2
화장품업체,2
보습,2
컬러스,2
브니,2
도라에몽,2
엑스붐,2
허브기기,2
자정,2
도매,2
도매상,2
중심지,2
약풍,2
설루션,2
팝콘,2
퓨마,2
퍼셉티브,2
파일럿,2
스티커,2
임원급,2
대우,2
한방,2
파도,2
여진,2
공과대,2
대피,2
국원,2
캠프모바일,2
블랙홀,2
경력자,2
조수,2
우주정거장,2
상체,2
양팔,2
점용료,2
수영장,2
코그니션,2
중신,2
이중,2
언어자,2
기부자,2
취재진,2
양국,2
무용수,2
앰비덱스,2
블록체인,2
결실,2
애니말,2
가스앱,2
도시가스,2
세계무대,2
연습량,2
권,2
노진구,2
주유,2
양딩신,2
서열,2
라제로,2
인신,2
매매범,2
스티,2
미성년자,2
호텔방,2
인신매매,2
매직리프,2
그랩,2
비급,2
피싱,2
수시,2
정보통신부,2
육성지원,2
노동부,2
업로드,2
이해도,2
우수고객,2
빅맥,2
소비지도,2
비즈파트너,2
위례점,2
화웨이,2
런정페이,2
야전,2
심의,2
과대,2
낌새,2
선결,2
출금,2
망치,2
놀라움,2
인구수,2
이러닝,2
에듀테크,2
에듀테,2
액셀러레이팅,2
손목뼈,2
확진,2
콜레라,2
견본,2
군산,2
위조,2
핸디캡,2
모집인,2
인터넷안전법,2
클래리,2
뇌졸중,2
가속기,2
뉴로모픽,2
조현,2
광명점,2
지능학과,2
가천대,2
전공과목,2
텀프로젝,2
홈킷,2
왕위안쥔,2
간질,2
발성기관,2
라이프사이클도,1
새상품,1
경쟁속,1
난공,1
불락,1
스낵시장,1
큰변화,1
동양제과,1
치토,1
새우깡,1
주원료,1
쌀가루,1
함유,1
꼬모,1
매일유업,1
다농,1
일유업,1
드링,1
구르트,1
발매직후,1
구취,1
아세로,1
노스트레스,1
양제과,1
기능껌,1
껌전,1
올상,1
미에로,1
화이버,1
강장,1
껌,1
올해초,1
비디오무비카메라인,1
밀수,1
입품,1
금성,1
부진속,1
유망품목,1
지능열,1
압권,1
풀가동,1
수출량,1
기염,1
판매전,1
사무자,1
젬워드,1
세차원,1
고생,1
뒷바라지,1
세차일,1
음덕,1
통계학과,1
큰누나,1
식구,1
체격,1
감명,1
천자문,1
산정국교,1
예정자,1
담임,1
침착,1
책임감,1
국민학교,1
잡부,1
품외판원,1
마늘까기,1
부업,1
학비,1
한옥,1
거처,1
전셋돈,1
막막,1
전세,1
겨울날,1
권경언,1
제격,1
줌카메,1
퍼지회로,1
고감,1
지능센서,1
클로스업,1
망원,1
배율,1
파인더방식,1
조사각,1
비스체제,1
카메라점,1
보증서,1
과대경품,1
비메이커,1
물놀이,1
부식,1
렌즈뚜껑,1
고온다습,1
인화,1
누액,1
줌렌즈,1
개발도상,1
감회,1
장마기간,1
식행사,1
리허설때,1
큰일,1
휴일,1
동서,1
국제관,1
국제기구,1
예상외,1
포역,1
박람,1
회기구,1
올림픽이,1
전시면적,1
마당,1
상설,1
영상물,1
전시물,1
짜임새,1
발전사,1
낙인,1
격감,1
정부관,1
개막식때,1
국기,1
게양,1
태극기,1
잎사귀,1
인국민,1
비난,1
주립대학,1
프로페서,1
관심고려,1
꿈돌,1
안내시스템,1
엑스포때,1
여러기능,1
회장안,1
혼잡도,1
올림픽개회식,1
전문화부,1
국제도시,1
경쟁력비교,1
비즈니스환경,1
꼴찌신세,1
세수,1
유례,1
프라인,1
미래도시,1
포크레인,1
굉음,1
정보도,1
중공업,1
시당국,1
대형프로젝트,1
해안,1
매립,1
트타,1
해저터널,1
무인모노레일,1
무지개다리,1
위용,1
고질,1
연합체,1
발전계획,1
기간망,1
버시티,1
간행물,1
공고,1
세기구상,1
보단지,1
반찬,1
독불장군식,1
남발,1
정보인,1
투자급,1
정보인프라,1
임교수,1
개약진,1
시민운동,1
터전,1
나비넥타이,1
안계신,1
세통,1
안계,1
제너럴매직사,1
테레스,1
미디어실험실,1
빅뱅,1
통신프로그램,1
게시판번호,1
엔터,1
지능학술,1
주최한,1
로봇경연대회,1
무선마이크,1
일부구간,1
조기착공,1
중간역,1
천안,1
교통부,1
특위,1
교통축,1
당진,1
중부,1
내륙,1
조용품,1
난방기구,1
열효,1
신일,1
자동조절,1
소비자가격,1
루버,1
온풍량,1
바이오팬히터,1
장미색,1
하늘색,1
라운드,1
유량,1
분무량,1
환절기때,1
미크,1
평수,1
액정화면,1
보호원,1
검사실,1
전치준,1
전기라디에이터,1
보조용품,1
그을음,1
전기라디,1
자스,1
딜롱기,1
데백화,1
를때,1
적당,1
업소용,1
로터리히터,1
히터,1
허과장,1
소모품,1
발열성능,1
판매원,1
당의,1
정속,1
소원,1
영화속,1
번역서,1
자동화,1
한국인간,1
스코센터,1
포츠,1
주창자,1
질서해,1
난류,1
시냇물,1
자동차색깔,1
도장라인,1
광택,1
극소,1
배차,1
데이터처리,1
국부,1
자본가,1
예측가,1
모터사이클,1
갱스터,1
역사학,1
리쉬교수,1
출판부,1
지동설,1
권능,1
인간전문가,1
홈쇼핑용,1
애교,1
재무성,1
돈세탁,1
항만청,1
항만자원,1
운용계획,1
리재,1
정보학,1
프랙탈이론,1
독실,1
기독교인,1
선교학,1
파이겐,1
사이버시대,1
열도,1
홍역,1
추첨제,1
다마,1
반다이,1
액정게임,1
여자중고생,1
부화,1
삐삐,1
전자음,1
반다,1
증산,1
롬타이틀,1
돌고래,1
매직사,1
라이드시,1
그널,1
독일,1
레스큐,1
앰뷸런스,1
굴곡,1
도달속,1
휘발유,1
축전,1
탁구대,1
시합,1
오렌지색,1
골프공,1
골문,1
실력차,1
뉴턴,1
소트,1
냉연밀,1
께,1
생산품가운데,1
국형,1
공급사,1
고문、,1
포스코개,1
고학봉,1
냉연공장,1
코일,1
전기아연도금강판,1
압연기,1
냉간,1
폭강판,1
소둔,1
자동두,1
통신상,1
열림,1
열살,1
판올림,1
보완중,1
파트,1
영어,1
전산학과,1
입학식,1
동기생,1
학생증,1
학칙,1
입놀림,1
사이버토크,1
실존,1
배기량,1
가！,1
체어맨,1
모던,1
마그,1
위성항법,1
도착지,1
휴양,1
와이퍼,1
미등,1
토반,1
디스트,1
급정거,1
산악,1
컴포트,1
마사지기,1
시트,1
계기반,1
트립,1
조수석,1
신드롬,1
총원,1
우회장,1
법과,1
법학관,1
아이리쉬,1
무역법,1
의실,1
경영관,1
재무제표,1
고인경,1
예배당,1
드포스트,1
예배,1
유종성,1
간사,1
국제회의장,1
렬,1
안전생활실천시민연,1
강당,1
폐경학회,1
결성식,1
정무,1
헤딩,1
바바리안,1
워크,1
컨셉트,1
앞차,1
주행로,1
앞바퀴,1
라이트,1
일반도,1
타이,1
럴,1
메디칼,1
리즈마,1
마이크로칩,1
프리즈마,1
트랜지스터,1
담기,1
즈마,1
착수이후,1
스파이,1
주말드라마,1
성가,1
고참격,1
데뷔식,1
꿈순,1
매거진,1
지략,1
하반기쯤,1
완비,1
탐욕,1
바이너리,1
궁리간,1
지은이,1
쥬라기,1
이기심,1
호화,1
사학자,1
유전학자,1
모순,1
튜,1
두개골,1
데인,1
식탁,1
새우크림,1
넙치,1
깍지,1
야채,1
오트,1
후식,1
브랜디,1
모닝콜,1
그저께,1
샘플링,1
비누,1
온수,1
샤워,1
프라이,1
토스트,1
엽기,1
밤사이,1
암벽타,1
직성,1
체조직,1
음속기,1
그릇,1
빨랫거리,1
반출구,1
원기둥형,1
원룸식,1
아라미드,1
쇄신,1
내후년,1
식용,1
녹지,1
프로덕션,1
경유,1
성화,1
반대표,1
중과세,1
출산법,1
시비,1
쾌거랄,1
난자,1
시집,1
친구사이,1
대본,1
명작,1
타계,1
유작,1
아이즈,1
조리법,1
지능형,1
오라,1
라실라,1
과학월간지,1
올제,1
각본,1
작고,1
테디,1
곰인,1
바닷,1
혼재,1
숟가락,1
시늉,1
눈빛,1
환락,1
초반부,1
냉소,1
양산차,1
시빅,1
다목,1
황제,1
카레라,1
람보,1
텔레매틱스,1
캐딜락,1
클릭스,1
쌍용차,1
구동차,1
늪지대,1
인풋,1
통유리,1
안개비,1
함박눈,1
눈송이,1
내공,1
관한,1
밥통,1
곰,1
보단말기,1
휴대단말기,1
며반응,1
설계법,1
최고권위,1
논문상,1
센세이,1
일본식,1
길눈,1
제조기,1
워크맨,1
거사,1
용의,1
단선,1
지탱,1
성선설,1
호접지몽,1
장자,1
나비꿈,1
과학면,1
괴기,1
발바닥,1
실제감,1
문틈,1
반사도,1
궤적,1
생명력,1
통쾌,1
효과편집,1
작비,1
효,1
자양분,1
사투,1
속편,1
품위,1
꺽다리,1
아가씨,1
모니터상,1
음파탐지기,1
교환원,1
에스컬레이터,1
테크놀러지,1
리티,1
위장,1
토시,1
기운,1
꽃밭,1
꽃향기,1
리시버,1
이크로폰,1
홈오토메이션,1
잠자,1
화장실,1
변기,1
신체리듬,1
인터페,1
입·출력,1
귀재,1
오비원,1
해밀,1
레이저빛,1
브라운관,1
플라스마,1
플렉서블,1
신호원,1
거리감,1
시간차,1
공간차,1
이머징,1
패럴렉스,1
리이머징,1
그램방식,1
심벌,1
볼륨감,1
개개,1
텔레비전,1
전달부,1
인접학문,1
시신,1
오컴,1
일직선,1
스쿼시,1
스트레치,1
청량감,1
한방차,1
오토매틱,1
언덕길,1
비이,1
시프트,1
스텝트,1
기어트로닉,1
싼타페,1
옵티마,1
다판,1
뮬러,1
시퀀트,1
레스피,1
엣,1
햇볕,1
이언티픽,1
아메,1
물기,1
경기복,1
증발,1
뽀,1
착용감,1
함유율,1
보전,1
극곰,1
짬,1
경륜,1
용구,1
운동량,1
동인터내셔날,1
독거,1
개인맞춤,1
사이버로봇,1
팝업,1
말상대,1
까마귀,1
곰돌이,1
독도,1
땅！,1
동남쪽,1
뱃길,1
장단,1
데이터통,1
화료,1
설팅,1
모래바람,1
개발기관,1
교신,1
계곡,1
구덩이,1
지물,1
론대,1
험비,1
도랑,1
철조망,1
멜론대,1
로봇자동차,1
이터베이,1
언어장치,1
콘택트렌즈,1
의복,1
상시,1
콜레스테롤,1
왕실,1
나우,1
민속촌,1
네오,1
괴주의자,1
허황,1
안전띠,1
삯,1
숙박료,1
신지은기자,1
객원,1
이갤,1
생생,1
박물관,1
댄스춤,1
뉴스메이,1
왕좌,1
리노베이션,1
황갈색,1
창고형,1
샌드위치,1
자연언어,1
추천지,1
숙박장소,1
기표,1
여행사,1
차차,1
텔미네트워크,1
캐피털협회,1
벤처소스,1
가전업,1
스프링,1
완충,1
밸런싱,1
쇠구슬,1
반대쪽,1
전자태그,1
르인,1
톨게이트,1
고속도로망,1
온힘,1
최고일,1
이사업,1
플루,1
에어컨상품기획실장,1
바이러,1
알레르기,1
유산소,1
니아,1
포름알데,1
유해물질,1
자외선,1
램프로,1
증식,1
유통점,1
특가,1
세일,1
평상,1
강변,1
테크노마,1
모델명,1
설치비,1
대뇌,1
조인간,1
오르가슴,1
의수,1
치환,1
인슐린,1
췌장,1
시신경,1
원제,1
스타덤,1
손목시계,1
폰티악,1
커터,1
루닝,1
카레이,1
전문기업,1
경전철,1
시운전,1
중소기업청,1
업체당,1
투자비,1
둔감,1
보톡,1
추미근,1
체화,1
스트레칭,1
알레한드로,1
아몬드,1
목걸이,1
밑그림,1
에이즈,1
퇴치,1
박테리아,1
해수,1
소금,1
바이오폭력,1
세속,1
단파,1
채유,1
해조,1
이오연료,1
퀀텀,1
라마,1
차다,1
위성위치확인,1
주파,1
주건엽,1
자동차전자제어연구소,1
모의주행,1
용돈,1
룩,1
국제학,1
건축공모전,1
은하수,1
천정,1
작업실,1
게릴라,1
환경디자인학,1
공간디자인전,1
매트리스,1
진수,1
사용기,1
소감문,1
해코지,1
테리,1
위노,1
대화문,1
서비스다,1
로이드폰,1
드마켓,1
릿,1
사용자환경,1
걸기,1
전화번호부,1
주력구글,1
디지털비,1
구글맵,1
전략책임자,1
크레이,1
낙동대,1
손모,1
목격자,1
오리무중,1
봉고,1
삼락,1
도주로,1
낙동,1
수문,1
어린이보호,1
공영태,1
찰청,1
관리청,1
차량번호,1
과속,1
연제,1
구청,1
재해,1
재난감시,1
체납,1
연산초등학교,1
연일초,1
연동초등학교,1
수영구,1
동구,1
전계장,1
이동경,1
초동,1
코닥,1
버전스,1
콰,1
콰드,1
콰드로,1
마트시대,1
제퍼,1
추울,1
인공생명체,1
짜증,1
이입,1
정드,1
브레,1
플레,1
무한도전,1
진척,1
창시,1
예사,1
은색,1
사운,1
식습관,1
소년기,1
의학드라마,1
도우,1
시물,1
합금,1
코건,1
혁신속,1
정책자문관,1
헤드램프,1
하이빔,1
곡선로,1
시가지,1
하향,1
경고시스템,1
친인간,1
집결체,1
자동차학과,1
실버존,1
자작,1
욕망,1
걸,1
테크놀로지리뷰,1
일루미셰어,1
일루미셰,1
제삼자,1
일루미셰어폰,1
첨삭,1
와이드웹,1
러시아판,1
터키,1
볼고그라드,1
콤텍,1
나스닥,1
고하,1
상여금,1
왕립,1
기념비,1
능청,1
헐크,1
장례식,1
방문자,1
추방,1
재택,1
발밑,1
사만다,1
만사형통,1
비극,1
좌절,1
재치,1
너스레,1
간파,1
필체,1
수술법,1
국제부,1
삑,1
당직,1
일행,1
협박,1
움,1
직임,1
높낮이,1
강약,1
충돌음,1
인조,1
전동,1
논,1
칠순,1
우당탕탕,1
노랑,1
빨강,1
경위,1
해산,1
불장난,1
안전사고,1
계도,1
영신,1
상습,1
주무관,1
차세,1
추적자,1
인상착,1
연구관,1
하수인,1
저술,1
산파,1
그로스,1
쇼험,1
럼비,1
파급,1
빅브,1
자연인,1
의기투합,1
대적,1
통제력,1
미디어시티,1
머티어,1
얼스,1
토양,1
체스게임,1
공용,1
족보,1
카드일,1
투약,1
법적,1
트워크,1
충직,1
훗날,1
형태인,1
포식자,1
이빨,1
발톱,1
아가미,1
전기밥솥,1
자동문,1
논리학자,1
애니그,1
일군,1
시조,1
미래관,1
당분간,1
석기시대,1
어르신,1
호들갑,1
인베이,1
네트워트,1
게임법,1
격추,1
패크,1
응용력,1
구분법,1
중국집,1
짬뽕,1
포만감,1
캅,1
국물,1
모성,1
고춧가루,1
고명,1
디스트릭,1
별미,1
킹스맨,1
스폰지밥,1
스맨,1
주드,1
쾌락,1
표현주의,1
파괴신,1
둠,1
둠스,1
악몽,1
애증,1
용광로,1
등골,1
미움,1
에이바,1
므파탈,1
혹성,1
침팬지,1
스케일,1
은유,1
피노,1
히치하이커,1
안내서,1
시니컬,1
이상형,1
바이오로,1
룻거,1
소나기,1
격투,1
온좌,1
전함,1
탠,1
빗속,1
데브,1
파텔,1
갱,1
난장판,1
공의,1
조이스틱,1
최고난,1
자동주차,1
무선통신,1
디스커,1
운수업,1
퀴즈프로그램,1
컴퓨터딥러닝,1
꼭대기,1
윤곽선,1
귓속말,1
완성본,1
아래층,1
예행,1
포유동물,1
뇌지,1
아이와이어,1
국숫발,1
밀림,1
간질병,1
해마,1
리셋,1
서랍,1
고깃덩,1
시간상,1
거미줄,1
미분,1
바깥세상,1
밝,1
카페인,1
애기,1
사춘기,1
늙,1
클리비즈,1
호도,1
아들딸,1
포빈,1
도그,1
발췌,1
저항기,1
에니악,1
콘칩,1
차상,1
튜링상,1
브레이커,1
이미테이션,1
자바,1
링상,1
말벗,1
친밀도,1
인피니트,1
헌신,1
스마트그,1
공급자,1
송전,1
생산자,1
취수장,1
수위,1
물관리,1
물값,1
피해액,1
동파,1
수도꼭지,1
잔류,1
염소,1
음용,1
노부모,1
독거노,1
데모,1
예정지,1
우미,1
전경,1
항만,1
광단지,1
영통구,1
무전,1
택배업,1
쓰임새,1
엑스드론,1
진정회,1
도미노피자,1
익,1
조작자,1
장거리,1
선의,1
황폐,1
득점,1
양회,1
최강국,1
파일저장,1
주제어,1
자회의,1
자판,1
햄버거,1
와이저,1
폭설,1
필,1
식기,1
세척기,1
디맨드,1
거동,1
실례,1
곱슬머리,1
치마,1
천생,1
워킹맘,1
주행시,1
즉각,1
빨랫감,1
특효약,1
명성,1
고모멘트,1
투숙객,1
닷미,1
문호,1
컨설팅료,1
피치아노,1
유사점,1
요금소,1
아이카,1
갈,1
순간순간,1
레인지,1
빔,1
딱지,1
송신기,1
차단기,1
폭격,1
비탈길,1
낭떠러지,1
부지기수,1
키워,1
코라도,1
끄트머리,1
무늬,1
러윈,1
오독,1
연작,1
스팸메일,1
잡무,1
야식,1
업로,1
자유의지,1
백업,1
엘리스,1
과학기술,1
인플,1
수재,1
결선,1
케이큐브벤처,1
책임심사역,1
니자랩,1
합승,1
캐빗,1
유권,1
스프레이,1
빵타베,1
로꽃방,1
꽃집,1
개선점,1
케이큐브벤,1
적용넷마블,1
가미,1
활,1
초보자,1
리니지이터널,1
레벨,1
씨소프트,1
경쟁력게임,1
뇌파측정기,1
노소,1
초심자,1
넷마,1
전기차업체,1
빅서,1
비책,1
수년간,1
행아웃,1
현지인,1
다기존,1
컴퓨터인,1
활용구글,1
팔로어,1
추격자,1
잔반,1
소멸기,1
별세,1
추도,1
피아노,1
하버,1
획기,1
필수품,1
공초점,1
헤드마운트,1
무패,1
선승,1
불계승,1
사무국장,1
접바둑,1
결전,1
겨,1
하위권,1
사이쯤,1
대결서,1
임전,1
방심,1
데미스,1
포시즌,1
계가,1
▲일정,1
자선,1
취침,1
수락,1
파안,1
대소,1
보도진,1
쇳덩어리,1
정복인공,1
동사,1
목적어,1
퍼디,1
버저,1
알파고인공지능,1
수비,1
희망자,1
영학,1
상한액,1
신청서,1
은행원,1
세틀뱅크,1
판가름,1
제패,1
싱할,1
글플,1
웹브,1
메타웹,1
답장,1
주도하,1
식성,1
구글독스,1
괴짜,1
카드보,1
골판지,1
간이식,1
염가,1
카드보드,1
단상,1
지지자,1
유세,1
편집국,1
난민촌,1
워드스미스,1
유령,1
어학부,1
전달테크놀로지,1
제이크,1
녹음기,1
저널리스트,1
불신,1
중하위,1
당대,1
직물,1
노동량,1
유의,1
중상위,1
소득자,1
중상,1
수렵,1
농경,1
번영,1
진통,1
비평,1
적응력,1
안전망,1
고정환율,1
쐐기,1
스웨,1
허약,1
낙승,1
국제마인드스포츠,1
원로급,1
서봉,1
챔프,1
최강급,1
간과,1
대국자인,1
흑돌,1
의견도컴퓨터,1
세계컴퓨터바둑토너먼트,1
따내기,1
마추어,1
따내,1
대국자,1
출몰,1
알파고일,1
중파,1
지능각,1
고차원,1
랩터스,1
트레이드,1
오나바둑,1
첫수,1
져대국,1
략,1
국지,1
크레이지스톤,1
파치,1
아이디,1
급상승,1
정책망,1
둑,1
비장,1
맞대결,1
전산학자,1
박태,1
모방품,1
강국인,1
영문판,1
과기신보,1
치신문,1
야후뉴스,1
비트벳,1
굿저지먼트오픈,1
변방,1
수입산,1
낙오자,1
오신약,1
총비용,1
주형환,1
에너지신산업,1
유기발광다이오,1
신성장동력,1
사키병,1
열성,1
텀벌,1
망각,1
아인간,1
비즈니스용,1
래학자,1
음계,1
단순작업,1
척척,1
대석,1
감독하,1
고스톱,1
중엽,1
유인원,1
애기가,1
수담,1
우사,1
일화,1
복거일,1
가방,1
포장물,1
밀입국,1
밀입,1
국자,1
세관,1
연이,1
마주,1
상한,1
업용,1
상한가,1
내리막길,1
큐에,1
칩스앤미,1
중학,1
전기전자,1
온라,1
터줏대감,1
도용,1
고열,1
전염,1
단핵증,1
종기,1
며칠간,1
종양내과,1
단계지,1
사회망,1
분초,1
휴게소,1
피대,1
조사업체,1
초청강연,1
거시,1
능수,1
외계인,1
핑퐁,1
판후이,1
역효과,1
일취월장,1
▲자율,1
신소,1
열중,1
피아드,1
은상,1
동상,1
경진대회,1
과활동,1
자인,1
통섭,1
재계열,1
사비,1
월드세미파이널,1
구입비,1
방과,1
프리미어,1
학고,1
▲인공,1
융합전,1
연극,1
포토샵,1
겨울왕국,1
데이터사이언스학,1
과학인용색인,1
인터내,1
캔서,1
학부생,1
사립,1
미적분학,1
분자생물학,1
바이러스공학,1
유전학,1
단백질효소공학,1
노소재,1
과학과,1
머독,1
기틀,1
내외신,1
혼신,1
안도,1
관록,1
격찬,1
중반전,1
난조,1
연전,1
최종국인,1
득세,1
은폐,1
미네이터,1
핵미사일,1
고의,1
니얼맨,1
최신판,1
하이라,1
이싱,1
포뮬러원,1
운영책임자,1
이서,1
렁,1
적대시,1
라이선스료,1
다이내믹스,1
눈밭,1
뒷걸음,1
설명서,1
조립법,1
보브레인,1
가능공,1
아틀라스,1
헬,1
볼거리,1
옥스,1
불쾌,1
마지노선,1
수모,1
안하무인,1
다짐,1
독설가,1
속마음,1
구설수,1
분수령,1
이튿날,1
비대칭,1
사이클,1
불변,1
부담감,1
반항아,1
승단,1
불참,1
차질,1
휴직,1
설화,1
어록,1
원숙,1
인내,1
관리사,1
베터,1
쿼터백,1
로보어드바이저사인,1
행원,1
현행법,1
열뱅,1
딴소리,1
성범죄,1
내과학,1
페타플,1
제타,1
라바이트,1
광대,1
통신량,1
부피,1
편승,1
자생력,1
권대석,1
문제의식,1
원회,1
법조문,1
문책,1
산업발전기본법,1
개혁법,1
포퓰리즘,1
이분,1
박탈감,1
빈곤,1
초반대,1
파업,1
대체근로,1
고용주,1
약육강식,1
퇴보,1
정보공학부,1
항공공학부,1
제안서,1
계학습,1
형태소,1
음소,1
간접비,1
총연,1
번트,1
요수,1
뇌생리학,1
제조업체,1
인스티튜트,1
전스,1
산맥,1
재외,1
정년,1
제조업용,1
티로봇,1
고점,1
매물,1
발걸음,1
소회,1
수로,1
상세,1
선작,1
가자필패,1
격언,1
지능의,1
중의,1
권익,1
정례,1
법과대,1
탤런트,1
미디어커뮤니케이션학,1
호사,1
기고,1
항복,1
산관광,1
공조,1
엉망,1
요점,1
헌법학자,1
부칙,1
살생부,1
국정원,1
토익,1
선우정,1
핵무,1
억지력,1
공립고,1
전인,1
좌측,1
이콧,1
정유사,1
까,1
실태,1
롭,1
만족감,1
포용,1
면허,1
유명무실,1
연중무휴,1
㏄,1
배정,1
단도직입,1
고혈압,1
안중,1
옆방,1
의사도,1
송내과의원,1
토리,1
정의선,1
현대기,1
경차,1
천연자원,1
비투,1
키속,1
우키속,1
린란,1
투파노,1
버트,1
문부,1
기본기,1
문대,1
신문사,1
변덕,1
신이,1
괴담,1
작가협회장,1
고문,1
화자,1
일인칭,1
상전,1
뒷공,1
성심,1
큰언니,1
기승,1
전결,1
하세,1
엘,1
전유물인간,1
개연,1
거짓,1
댄스,1
자존감,1
곽금,1
격려,1
줄자,1
개발품,1
촌,1
메달리스트,1
장미,1
내레이션,1
연면,1
이갈,1
권역,1
고성장,1
장텐,1
자본력,1
에픽게임스,1
매집,1
텃밭,1
합병스,1
워크래,1
캔디,1
크러시,1
사가,1
자애,1
양강,1
라이제이션,1
미이토모,1
마인크래프트,1
트위,1
호시탐탐,1
그룹미,1
킥,1
유대인,1
대학살,1
창녀,1
차별주의자,1
제노사이드,1
페미니스트,1
지옥불,1
이슬람,1
혐오자,1
성차,1
극우주의자,1
만담,1
코미디언,1
비방,1
오판,1
프트웨어정책,1
지능사,1
리스츠,1
포리스츠,1
야시,1
졸지,1
돌변,1
남녀평등주의자,1
월주의,1
적의,1
불경,1
논어,1
탈무,1
솝이야기,1
약값,1
강령,1
약탈,1
악역,1
망종,1
의학기술,1
바둑대국,1
원주,1
연구네트워크,1
문과,1
외지능,1
아픔,1
선각자,1
진리,1
섬김,1
존경,1
고학년,1
무인이동체,1
마트기기공학,1
예체능,1
미디,1
시스템응용,1
유연전,1
실습실,1
휴게실,1
무한상상공간,1
중장년,1
천편일률,1
허송세월,1
연세대,1
창학,1
벌영상콘텐츠,1
과기대,1
시립,1
자유융합,1
교육원,1
유형검사,1
의생명,1
둥지,1
겐트대,1
본교,1
시세표,1
다트,1
원숭,1
옥새,1
친노,1
본색,1
분란,1
가용,1
의정,1
호불호,1
지도부,1
자의,1
특혜,1
단박,1
보복,1
권식,1
획정,1
무효,1
무풍지대,1
방조,1
상충,1
딴죽,1
조성배,1
매트릭스,1
감금,1
이데올로기,1
예단,1
기업체,1
전산망,1
결재,1
알림음,1
알파카,1
미래차,1
▲지능,1
트래픽,1
개척지,1
하도,1
급업체,1
디지털맵,1
난무,1
인종주의,1
비하,1
동성애,1
자원자,1
잘못,1
이머,1
죄,1
배심원,1
집단지,1
퀀트,1
르네,1
보유자,1
과한,1
퇴연구소장,1
패리,1
결항,1
보조자,1
고량,1
쌀,1
반월,1
용액,1
금형,1
주조,1
성형,1
산출품,1
동양피스톤,1
견학,1
전기에너지,1
납기,1
원재료,1
생,1
통상자원부,1
스마트공장,1
무기회담,1
생사,1
여탈,1
통신장관,1
위해,1
불능,1
제재,1
포린폴리시,1
문업,1
온라인자산,1
관리서비스,1
은퇴자,1
정식버전,1
일반투자,1
취임사,1
반걸음,1
모바일기기,1
어드,1
일반형,1
모델포트폴,1
로보어드,1
예적금,1
위비뱅크,1
저커,1
꽃다발,1
산둥,1
조감,1
테마파크,1
동방,1
쇼핑센터,1
내연,1
충전소,1
글로,1
리튬이,1
시간순,1
인성검사,1
언어이해,1
도형추리,1
마립간,1
이사금,1
왕호,1
유래,1
농법,1
이앙법,1
비변사,1
강연장,1
플랫,1
세이커,1
세베,1
약동,1
궈이,1
훙,1
스마트시티,1
스케,1
얼라이드탤런트,1
알츠하,1
사업가,1
관리단말기,1
활로,1
척추,1
수조원대,1
지사,1
애널리틱스,1
어버스,1
마모,1
저혈당,1
호라,1
즌,1
싹,1
인재풀,1
뇌과학과,1
통달,1
미미박스,1
망고플레이트,1
벤처캐피털,1
알케미,1
위트,1
자금력,1
목매,1
유토피아,1
반쯤,1
어바나,1
글로벌경,1
리당,1
덩,1
온차이,1
투지아,1
마일,1
경제포럼,1
순감,1
암기식,1
소용돌이,1
라미,1
천진난,1
퀘,1
공지능,1
해력,1
보물,1
중고,1
등학교,1
사교육,1
예일,1
종교인,1
치료사,1
에피소드,1
짜깁기,1
계명,1
도움말,1
가나다순,1
감동근,1
민후,1
대식,1
김명자,1
단체총연합,1
왕배,1
정책학과,1
류,1
균,1
콘텐츠학과,1
▲,1
병원장,1
문화부,1
융합학부,1
텔레마케터,1
법률비서,1
우체국,1
투자자문,1
비서직,1
승소,1
변론,1
낙점,1
드웨어,1
틱워치,1
리즈,1
중관,1
글라,1
회화전,1
신소재공학,1
글로벌기업,1
수분해,1
양자컴퓨터,1
사고력,1
베이트,1
클랜시,1
좌장,1
전략가,1
예언가,1
폭락,1
중앙은행,1
근래,1
반대자,1
러브,1
메모리얼슬론케터링,1
말귀,1
두기로,1
이용량,1
초미,1
수소문,1
우스갯소리,1
손맛,1
레시피대,1
땅콩,1
부추인,1
동그라미,1
단맛,1
신맛,1
짠맛,1
쓴맛,1
감칠맛,1
컬렉션,1
차이브,1
태세,1
사탕,1
로킷,1
초코스케치,1
밀크,1
돌멩이,1
껍데기,1
황홀,1
여제,1
농민,1
기근,1
나오미,1
토이,1
쇽,1
계올림픽,1
황교안,1
국무총리,1
출전국,1
첫인사,1
팝송,1
기계식,1
함수,1
더비,1
나이퀴스트,1
고배당,1
개미,1
새집,1
후보지,1
아이스하키,1
퍽,1
로젠,1
프로미식,1
창수,1
칼텍,1
파라,1
회수,1
알레한드,1
조종기,1
컴퓨터프로그래머,1
취임식,1
인류사,1
갑론,1
아이칸,1
한순간,1
투매,1
왕도,1
연세의대,1
심포지움,1
바우저,1
시스템통합,1
웨어,1
빌딩서,1
유단,1
아자황,1
대국서,1
백중,1
감배,1
장려상,1
무진,1
아르,1
승수,1
강급,1
국무총리배,1
가치주,1
용본부장,1
니저,1
펀드매니저,1
▲앞,1
▲가격,1
버스트,1
빈국,1
단문,1
즉흥,1
매너리즘,1
병리,1
아침독서,1
관심군,1
다사용,1
좌고우면,1
삼위일체형,1
진흥법,1
대구,1
거부감,1
가욋일,1
밥상머리,1
잔소리,1
표현력,1
강권,1
킨십,1
평일,1
부종합전,1
자유학기,1
개축,1
동문회,1
학급,1
부종합,1
내신,1
토론식,1
프로젝트식,1
권하,1
종이책,1
계보학,1
부상애플,1
페더리기,1
링크트인,1
산책,1
잠자리,1
좌지우지,1
설거지,1
진일보,1
전자상,1
데이콤,1
이베이,1
아이마,1
소모성자재,1
반려,1
국온,1
쓴소리,1
지론,1
신구,1
박차세종,1
신시장,1
농기,1
매학기,1
패턴인식,1
전장제어,1
전공심화,1
기술계,1
호가주문,1
매매평가,1
온라인전략,1
자보호법,1
화용,1
팔도,1
경영난,1
그레이드해,1
샤프,1
막판,1
개항,1
망막병증,1
박군,1
임군,1
묘,1
이세돌전,1
대역,1
분석기,1
진서,1
변칙수,1
재반전,1
옥쇄,1
요동,1
아템,1
카차,1
봉사단,1
명실상부,1
록,1
클라,1
마트콘텐츠,1
실감미디어,1
미디어빅데이터,1
전공제,1
랙,1
디자인이노베이션,1
노베이션,1
시각디자인,1
공업디자,1
조형,1
마트기술,1
크리에이터,1
인벤션,1
전략회의,1
경량,1
단일,1
자영업자,1
밤중,1
지수증권,1
유혹,1
장안,1
문성제,1
퍼스텍,1
싼값,1
수자원,1
간편가정,1
환노,1
출,1
환헤,1
총보수,1
수익금,1
지수증,1
등락,1
편집증,1
뒷전,1
롄,1
종언,1
감원,1
조정안,1
한시,1
저력,1
복수학위,1
통상학,1
립대학,1
교환학생,1
세종대,1
라이덴랭킹,1
이덴랭킹,1
대학랭킹,1
인용도,1
랭,1
융합인재,1
최장,1
대학평가,1
예스터,1
코막힘,1
첫걸음,1
르네상,1
선착순,1
관리팀,1
무선랜,1
구연,1
낭독,1
영화사,1
음모,1
일리언,1
말소리,1
슬론케터,1
도표,1
누진제,1
눈덩이,1
국가과학,1
표준과학연구원,1
너지기술,1
기반수퍼브,1
수퍼브레,1
데이터센,1
하이브리드,1
플리케,1
전용앱,1
이파이,1
장년,1
텔앤컨,1
보일,1
단조,1
스럽,1
당구,1
청소부,1
오심,1
재심,1
수감,1
갈색,1
조너선,1
짜,1
진범,1
복사기,1
음석인식,1
양자암호,1
광자,1
감청,1
기밀,1
자암호,1
시험망,1
게임상,1
개테스트,1
몬스,1
최악수,1
잔인,1
물줄기,1
고질병,1
우등,1
의치,1
공산품,1
철제,1
세계관,1
해자,1
절정,1
뒤통수,1
배신,1
농사,1
천막,1
세끼,1
귀환,1
보급선,1
귀환일,1
확장판,1
라우드음성,1
대형컴퓨터,1
성우,1
자동응답,1
크리터리,1
룩스,1
스트루먼트,1
난도,1
인수액,1
푸,1
알파인,1
방송법,1
실무진,1
통합방송법,1
불허,1
자진,1
전지사,1
오픈코그재단,1
플대,1
수학학,1
오픈코그,1
버락,1
인공일반,1
바마,1
척결,1
청탁,1
포커봇,1
배틀코드,1
저학년,1
소프트웨어종합설계,1
대화면,1
주무기,1
부엌,1
글홈,1
실익,1
도구글,1
선회,1
장악력,1
위젯,1
선탑재,1
시스턴트,1
살라쿠트,1
공개모집,1
구글어시스턴트,1
투리,1
리전스팀,1
유능,1
바둑프로그램,1
탁,1
앱과,1
대법원,1
생활수준,1
노령,1
청소업,1
빈곤국,1
우파,1
개방파,1
폐쇄파,1
면담,1
회고,1
민간회의,1
종결,1
당사자,1
법조,1
비리,1
법률가,1
목도,1
휴머니즘,1
표류,1
신학,1
초빙,1
자유주의,1
공화정,1
실학,1
여강,1
풍등,1
달빛,1
강길,1
자락길,1
선비,1
격년,1
세계인문학,1
공영,1
아틀랑,1
인문주의,1
행궁,1
투어,1
문학인,1
뮤지컬,1
정조,1
화해,1
재직자,1
샵,1
인청소기,1
안전국,1
입버릇,1
임계점,1
소총,1
육군,1
군함,1
목표물,1
운동가,1
극단주의자,1
등기,1
다삼성,1
적격,1
키틀로,1
이재,1
겨룬,1
애너하,1
리즈컨,1
시거티,1
부교수,1
휴지,1
반구,1
환불,1
경원,1
산업디자,1
아타리,1
개척자,1
유기농,1
백만장자,1
미래포럼,1
▲장,1
기장원,1
론조사,1
관여도,1
후자,1
숭,1
의거,1
등극,1
만유인력,1
앎,1
낙하,1
반도체공장,1
이것저것,1
터내셔널,1
터내,1
터페이스,1
틀로스,1
기획자,1
이디어,1
샌,1
마그네틱,1
스탠더,1
흥망,1
산업군,1
쇠락,1
딜레마,1
존속,1
추앙,1
재정난,1
홀대,1
그래픽칩,1
탁자,1
가정교사,1
보모,1
굴지,1
파파,1
세종,1
헐스트,1
중성,1
방출,1
중왕,1
대원외고,1
두뇌게임,1
수해,1
어학사전,1
일반상식,1
구어체,1
묘미,1
거국,1
농수산물,1
목표치,1
일하,1
영문학과,1
엠파스,1
미혼,1
인간미,1
재일,1
동포,1
일본판,1
흑번,1
필승,1
역전승,1
포획,1
이다,1
전작인,1
전면부,1
낭패,1
럭,1
발전올,1
활용자율,1
지치,1
니셔티브,1
최강국인,1
형광등,1
게임회사,1
우열,1
동률,1
단판,1
홈쇼핑,1
최고점,1
스친구,1
카탈로그,1
홈쇼핑업,1
품질요,1
프로모션,1
회복세,1
우올림픽,1
오름세,1
이커머스,1
명동점,1
월드타워점,1
강남,1
융복,1
합작회사,1
편집숍,1
경관,1
헤리티지,1
구조올해,1
사역,1
공항터미널,1
급행,1
차후,1
조모,1
병합,1
신뢰감,1
국제학회,1
깃대,1
키스,1
상기,1
늦잠,1
신신당부,1
한밤중,1
아랍,1
퇴짜,1
가늠자,1
어판,1
원단장,1
격전지,1
경제장관,1
드비알레,1
포크,1
런,1
대표곡,1
후렴구,1
번역문,1
번안,1
딜런,1
내포,1
칙,1
직역,1
회사명,1
원문,1
주세,1
해석네,1
묶음,1
등장올,1
퍼셉티오,1
풀스크,1
폰도,1
부품사,1
모서리,1
미믹스,1
화업,1
어팟,1
충전판,1
비접,1
촉식,1
부착식,1
참모,1
정보사회미래창조,1
회관,1
후생,1
대책안,1
정책실장,1
램익스체,1
공급량,1
테이트,1
난립,1
호황기,1
조위안,1
이원,1
팔로알,1
래에,1
편드,1
절제,1
기내,1
소화기,1
콜라보레이션,1
▲성별,1
▲몸무,1
▲혈액,1
검사결과,1
유전자검사결과,1
조직검사결과,1
운동습관,1
레지던트,1
윈도우,1
친단,1
경외,1
일반외,1
선암,1
비뇨,1
유통망,1
남아용,1
말쯤,1
성음료,1
적기,1
카스텔라,1
확대인공,1
호흡기,1
소녀시대,1
슈,1
차기작인,1
해골,1
생존자,1
권감시기구,1
안보리,1
이사국,1
찬성,1
재래식무기금지협약,1
저격,1
격침,1
찬성론자,1
사상자,1
전투병,1
인수위,1
그로브스,1
군비,1
공언,1
병신년,1
개막구글,1
충격파,1
수중,1
농심배,1
친목,1
회신,1
발발,1
가속화반세기,1
국수전,1
명인전,1
칼텍스배,1
옥션배,1
군소,1
절정기,1
년둥이,1
바이링,1
수권,1
다승상,1
무대서,1
희소가,1
애플워치,1
애플워,1
교황,1
힐러,1
줄기,1
글리베,1
백과,1
온톨로지,1
목초지,1
편차,1
국어사전,1
뜻풀이,1
광장,1
참사,1
추돌,1
솅,1
고속버스,1
검문,1
포쿠스온라인,1
북서부,1
탈취,1
권총,1
정유년,1
총출동,1
상현실,1
하반신,1
외골격,1
응집력,1
백화,1
점식,1
저유가,1
강세,1
채무,1
양날,1
항공업,1
급성장세,1
혼밥,1
혼술,1
간편식,1
면세,1
신유통,1
저유,1
민영,1
운용업,1
테스트베드,1
호실,1
정유업,1
단가,1
국내산,1
수송,1
산유국,1
러시,1
수입차,1
국산차,1
모기업,1
해치백,1
클리,1
용차,1
흐림,1
선방,1
상쇄,1
크리스털,1
생동감,1
마트닥터,1
잔량,1
노스홀,1
모형차,1
의선,1
임원진,1
이항,1
기업일,1
고화,1
센트럴,1
이센스,1
신흥,1
시력자,1
스카이워,1
일생일대,1
이미지상,1
이미지커뮤니케이션,1
디딤돌상,1
조태권,1
부싯돌상,1
전각,1
돌도장,1
포트라이트,1
추정가,1
종양내,1
협진,1
차도,1
가이드안,1
병용,1
방광암,1
진료기,1
스티브랑,1
매료,1
안내원,1
아청소년,1
이진,1
판독법,1
심전도,1
돌연사,1
멍울,1
여성암,1
이맘때,1
빈혈,1
초죽음,1
짝,1
단돈,1
사안,1
원로,1
혈색,1
때깔,1
부양,1
번성,1
외래,1
일반의사,1
치과,1
한의사,1
정보원,1
복약,1
지도서,1
조제기,1
약대,1
영업통,1
간접,1
주일,1
한철,1
붙박이,1
드로,1
센셜,1
상표,1
세라믹,1
홈캠,1
가스밸브,1
플러그,1
지니뮤,1
서글로벌,1
화소급,1
스테레오,1
패서디나,1
중무장,1
자문사,1
보육,1
정액,1
회비,1
리걸,1
일거리,1
안건,1
대행,1
덩치,1
그전,1
참정,1
마이크임,1
도킨스,1
개체,1
스테디셀러,1
강경,1
무신론자,1
형용사,1
아도취,1
허풍,1
혐오증,1
진화생물학자,1
사납기,1
일문일답,1
균열,1
극소수,1
최우선시,1
탈퇴,1
정세,1
어처구니,1
과반,1
개헌,1
해류,1
코르크,1
서정,1
전쯤,1
화풍,1
양식전,1
혼성,1
모작,1
도작,1
의인,1
기상청,1
가전쇼,1
월급,1
개중,1
화이트칼,1
실행법,1
패스트푸드점,1
키오,1
의사니,1
판검,1
사니,1
빈칸,1
정초,1
각료,1
하청,1
럼니스트,1
보이드,1
창과,1
첫선한국,1
재구성,1
베린트,1
제정부,1
아파트소음,1
인허,1
민사,1
▲형법,1
교통사고처리,1
특례법,1
특정범죄,1
처벌법,1
운전면허,1
임대차계약,1
정체기,1
쌍용,1
임말,1
동부화재,1
프로미,1
퍼센,1
경감,1
소요기간,1
치아보험급여금,1
존박,1
너사,1
협상자,1
최태원,1
럼프발,1
후폭풍,1
대내외,1
수세,1
체용,1
실트,1
빅딜,1
파트너링,1
태원,1
격세지감,1
부연,1
영양제,1
포스트휴먼,1
광속,1
나노봇,1
경험파,1
송신,1
지상주의,1
무라카,1
햇살,1
매미,1
나약,1
보험백화점,1
휴미칩,1
집적회로,1
센서칩,1
절전형,1
앞유리,1
로룩,1
납품처,1
멍청이,1
습,1
뚜껑,1
센서그룹장,1
인피니온,1
노루체,1
스마트싱즈,1
파인,1
기압,1
대폭발,1
마이크로폰,1
사업팀장,1
자동차용,1
급발진,1
점진,1
고비용,1
의료인,1
알선,1
헤드,1
애플도,1
애플인사,1
병기,1
해변,1
인중,1
선수권,1
스아,1
스마트서비스가이드,1
길안내,1
근거리통신,1
통역앱,1
올림픽조직,1
글과컴퓨터,1
리우올림픽,1
평창올림픽,1
맞은편,1
관리실,1
중계도중계,1
슬라이,1
슬라이스,1
빈,1
비밀리,1
대부,1
공과대학,1
형안전,1
물밑,1
한인,1
구성기,1
이사진,1
차출,1
폭스뉴스,1
어법,1
재구,1
순대,1
스트란,1
미지수,1
단시일,1
임의,1
다세포,1
일사천리,1
벌레,1
껍질,1
석기,1
돌화살촉,1
화살촉,1
경연연구소,1
재기,1
속도감,1
육성프로그램,1
넥스테크홀,1
스탠키,1
엔터테인먼,1
겉모양,1
아이지니,1
퓨처,1
방송인,1
곰고기,1
카레,1
양념구,1
통조림,1
겉포장,1
짱,1
통용,1
점대,1
교역,1
물자,1
구약,1
창세기,1
오만,1
대동맥,1
대해,1
조난자,1
순조,1
가비트,1
연임,1
아바,1
너테크,1
모니터리스,1
이큐,1
포칼맥,1
도코모,1
텔레포니카,1
황사,1
공신,1
수퍼쿡,1
각축장,1
인증서,1
멤버십,1
멤,1
머니,1
태블릿브랜치,1
점포망,1
엄지,1
자장가,1
전용망,1
지니뮤직,1
가정생활,1
미래융합,1
추진실,1
너지사업단,1
에너지통합관제,1
화탄소,1
몬,1
리니,1
혈맹,1
공성전,1
월드콩,1
수뇌부,1
재현삼,1
고성능,1
넥스샵,1
이닝,1
복제약,1
영속,1
영예,1
아날로그,1
스마트서비스,1
신계약,1
나이대,1
대신하임전문투자,1
사모투자,1
후순위,1
글로벌전,1
환사채,1
최정예,1
증여,1
일선,1
리모델링,1
아틀,1
오페라,1
음악회,1
앙,1
민저축은행,1
가계,1
은행업,1
대신증,1
도전삼성전,1
맞대응,1
신개념,1
판매기,1
커넥티트카,1
발생때,1
한우물,1
법무법,1
다래,1
계측기,1
엔드레스하,1
알텐,1
아공,1
스포츠웨어,1
스포츠팀,1
유니폼,1
구독,1
뉴런신경망,1
패킷망,1
트랜잭션,1
팔뚝,1
수축,1
이완기,1
청진기,1
부트스트랩,1
재수,1
삼수,1
풀무원,1
도코,1
종합연,1
청소원,1
슬기,1
냉난,1
방기,1
비료,1
농사일,1
스마트팜에,1
총망라,1
비닐하우스,1
반사파,1
농부,1
수확,1
후지,1
복사열,1
생장,1
척,1
기자재,1
잔가지,1
영양소,1
과육,1
레일,1
진흥청,1
관념,1
래부,1
지원금,1
돌보미,1
경계로봇,1
수퍼컴퓨팅,1
미각,1
경황,1
시부,1
단면,1
데자,1
주효,1
컬처라이즈,1
풍습,1
집토끼,1
셀피,1
외연,1
라인카,1
라인플레이,1
결제액,1
패스워드,1
편안해,1
라면집,1
시급,1
아군,1
로마,1
지양,1
지능학회,1
십,1
결의안,1
효소,1
동식물,1
형질,1
병충해,1
머리카락색,1
배아,1
생식,1
권고안,1
화학무기,1
명명,1
선발전,1
이젬,1
구면,1
스파링,1
측,1
테스트판,1
재무장,1
랭크,1
흔적,1
천야,1
강타자,1
이야,1
커제전,1
풀리그전,1
소비자경제학,1
중문학,1
년기념관,1
한의학,1
휴리,1
구직,1
국공립대,1
와세다대,1
로보군,1
오케스트라,1
모뎀,1
와이파이,1
연구지,1
온라인판,1
포레스트,1
스탠더드앤,1
디자인싱,1
취합,1
현수막,1
에코백,1
기로,1
인융합,1
논픽션,1
통념,1
위파,1
전도사,1
오바마,1
올리브,1
연두,1
무명,1
팝스,1
월요일,1
양립,1
예순,1
든,1
무례,1
감정지능,1
중재안,1
타협,1
장군,1
균형감,1
리베,1
코기토,1
현력,1
영상디스플레이사업,1
광케이블,1
최고급,1
왓,1
연구그룹장,1
파트장,1
갓난아기,1
다글로벌,1
마우,1
학당,1
대왕,1
참임,1
신소재,1
보조시스템,1
창업가,1
창시자,1
사조,1
인크레더블,1
니모,1
페이페,1
키네틱,1
미래지난해,1
일리,1
거취,1
사단,1
콘스,1
연필심,1
스카치테이프,1
그래핀,1
보답,1
회의체,1
난상,1
외박,1
요금제,1
봄,1
출원서,1
심사관,1
소브레인,1
단련,1
의사소통능력,1
끈기,1
부수,1
재정의,1
논리력,1
미래기술원,1
총괄직,1
미디어기술원,1
기술총괄,1
미디어기술원장,1
최진,1
초중반,1
역전패,1
필승지세,1
한큐바둑,1
맹점,1
큐바둑,1
기치,1
맹추격,1
안갯속,1
대첩,1
초속기,1
속기,1
점입,1
가경,1
배달량,1
스트마일,1
맞춤배송,1
한통,1
별미여행,1
앱인앱,1
어롯데백화점,1
인몰,1
락인,1
라인몰,1
수선,1
마트픽,1
서비스롯,1
스마트쇼퍼,1
수제,1
선보여롯데,1
영업시간,1
완점,1
전점,1
멘트,1
절치,1
부심,1
가름,1
초점삼성전,1
삼중,1
속어,1
일애,1
출점,1
우편,1
광고물,1
객단가,1
주거래,1
일수,1
신세계,1
추천봇,1
추천인,1
백화점백화점,1
틈새시장,1
이세탄백화점,1
존루,1
스백화점,1
언더라이즈,1
이대,1
리빙,1
쥬얼,1
캐시,1
미래금융,1
포지,1
매니,1
징디렉터,1
마울,1
렌도,1
파올,1
몬테소리,1
▲장소,1
참가비,1
헝,1
서점,1
광미국,1
올더스,1
복제양,1
추수,1
대중문화,1
까닭,1
걸작선,1
스크린셀러,1
7쇄,1
홍식,1
판타지도서관장,1
재각광,1
삼체,1
이중도시,1
익스팬스,1
드라마용,1
괄목,1
플렉스,1
불문,1
오역,1
평가절,1
유년,1
②유지,1
③일부,1
해지,1
총애,1
금융그,1
보이스봇,1
상담서비스,1
손해보험,1
동맹,1
참여사,1
국민카드,1
제휴처,1
놀,1
청춘대,1
매니아,1
리얼타,1
패스,1
세차,1
퀵오더,1
퀵,1
데인터넷면세점,1
입점,1
디지털이,1
캐주얼,1
출퇴,1
근형,1
금융부,1
구축단,1
래소,1
선도자,1
소탕한국,1
감시부,1
조사단,1
집합체,1
적출,1
속임수,1
차거래소,1
연기금,1
발행사,1
대금,1
드라,1
브로,1
서라운드,1
저음,1
향기,1
플래티넘,1
비장감,1
희희낙락,1
전열,1
바심,1
격월간,1
악스트,1
밖보,1
화살,1
쏘,1
시위,1
과녁,1
얼개,1
휴지기,1
경회로망,1
회로망,1
연결선,1
약간,1
홍,1
기쯤,1
선포,1
말다툼,1
커넥,1
개막전,1
구장,1
버라이즌,1
하이테크놀로지,1
화낙,1
퓨전데이타,1
브반도체,1
상장사,1
인베스트먼트,1
사이버보안,1
대형주,1
호조,1
빈익빈,1
부익부,1
혁명인공,1
실세,1
수식어,1
그래픽처리,1
오리건주립대,1
시승,1
경영엔비디,1
온콜로,1
약제,1
양성의사,1
전우택,1
암기력,1
계획서,1
의과대,1
인제대,1
과대학,1
번역학,1
통번역대학,1
포스트에디팅,1
동서양,1
함의,1
통역가,1
경제력,1
기저질환,1
료,1
보조사,1
테크니션,1
스타뱅킹,1
아이원,1
달쯤,1
멘털게임,1
옆집인,1
고공,1
전서,1
칼텍스배선,1
수박,1
대변신,1
운석,1
지난,1
슬,1
발군,1
파이터,1
연파,1
후유증,1
설상가상,1
골절상,1
깨달음,1
안개,1
암벽,1
등반,1
돌출,1
계보,1
가스배,1
거머,1
수더,1
송구,1
성공작,1
멀티,1
스무,1
도약기,1
전산실,1
노려,1
원석,1
환골,1
탈태,1
장석,1
국내용,1
고양시,1
권일,1
공중파,1
이남,1
이화,1
타운,1
넥센타이,1
향신리,1
공행진,1
향동,1
호반,1
리얼투데,1
산업단지,1
걸포,1
오피스텔,1
하우스,1
힐스테이트,1
레이크뷰,1
직주,1
리마,1
테란,1
프로토스,1
먼프레이저대,1
대인,1
학교생활,1
불면증,1
래프트,1
과학칼럼니스트기획,1
배준,1
가상저장,1
후일,1
블랙록,1
대차대조표,1
핌,1
주차장,1
투자법,1
누적금액,1
현찰,1
정설,1
재환전,1
시지,1
자동번역,1
랩운용실,1
터장,1
변재,1
성과형,1
투자일임,1
키움자산,1
복잡데이터연구실,1
마트베,1
헤지펀드,1
이션,1
디셈버글,1
키움쿼터백글,1
코스피지수,1
코스콤,1
급변기,1
키움,1
과제올해,1
펀드레이,1
백전백승,1
바지,1
코트,1
스카프,1
질책,1
유의어,1
동의어,1
응답기,1
스퀘,1
성문,1
정예,1
장두,1
격전장,1
대항,1
세계바둑,1
주최사,1
대회서,1
우전,1
피고인,1
원심,1
암묵,1
총격,1
도주,1
기소,1
기각,1
보석금,1
유무죄,1
구실,1
브리핑,1
굿모닝,1
대화량,1
금발,1
크리에이션사,1
자위,1
전신인형,1
리얼돌,1
수줍음,1
기폭제,1
포르노,1
맥멀렌,1
왕따,1
성추행,1
성관,1
성욕,1
일조,1
비디오물,1
배상금,1
창조주,1
커버넌트,1
신과,1
황색,1
콧,1
숨결,1
시원,1
시사회,1
후속작,1
탐사대,1
처절,1
투쟁,1
골격,1
착상,1
전반부,1
데이빗,1
후속편,1
교본,1
신기,1
옹알이,1
완수,1
게이션,1
추후,1
함,1
투자네이버,1
윈클,1
콘큐브,1
알체라,1
저서비스,1
큐브벤처,1
유비파이,1
안내자,1
새너제이,1
매케너리,1
검정,1
가죽점퍼,1
면바지,1
에인절,1
코파일럿,1
쇄도올해,1
스폰서,1
컨트롤러,1
촉감,1
홀로덱,1
전도도,1
항상,1
말싸움,1
기미,1
소방서,1
이해열,1
풍절음,1
모빌,1
사거리,1
과학원보,1
절연,1
시험지,1
기술부,1
초뇌,1
과생,1
평균점,1
무식,1
연상법,1
즈덤하우,1
의기,1
투합,1
아름,1
시트콤,1
오픈한,1
마지막회,1
만화매니지먼,1
누룩미디,1
저작물,1
산더미,1
역점,1
연착륙,1
통신심의위원회,1
저급,1
림막,1
관람가,1
최전선,1
측근,1
여사,1
바람나,1
인터뷰책,1
인연,1
마포,1
게장집,1
찬조,1
애독자,1
내부자,1
빡,1
팔꿈,1
염,1
석회,1
건염,1
완치,1
이침대,1
미션,1
플립러닝,1
미시,1
교육학교실,1
협업력,1
소통력,1
전스연구소,1
전사업본부,1
전장업체,1
하만인터내셔널,1
소프트웨어센터장,1
시험무대,1
암연구소,1
필드,1
국내업체,1
폐렴,1
폐질환,1
정상인,1
통상학부,1
혁명학,1
발기인,1
생채,1
고사리,1
청동,1
강철,1
기원전,1
북인도,1
침략,1
여지,1
귀족,1
상인,1
촉천민,1
친척,1
채집,1
원시,1
안전한,1
이방인,1
원시인,1
협회지,1
안과의사,1
가계도,1
난치병,1
애브비,1
애플이,1
메디매치,1
붐의료,1
폐,1
연세,1
전쟁터,1
방산,1
주특기,1
무한궤도,1
투시,1
물총,1
뇌관,1
매설,1
테크놀로지스,1
진압,1
침몰선,1
노틸러스,1
드릴,1
채광용,1
파푸,1
부근,1
광석,1
지원선,1
인듐,1
망간,1
희소,1
학기술원,1
부설,1
크랩,1
랍스터,1
가재,1
바닷속,1
수색,1
크랩스터,1
티타늄,1
선체,1
국제우주,1
팔길,1
래비티,1
원경,1
선발대,1
로버,1
큐리,1
첫발,1
지질학,1
발사체,1
영하,1
차폐,1
밀봉,1
소용,1
밀봉재,1
액체,1
기화,1
코팅,1
미디어연구,1
잠정,1
세계바둑오픈전,1
월드바둑챔피언십서,1
왕하,1
리비,1
준비생,1
숙박비,1
식비,1
수만,1
안목,1
유미,1
공립대,1
래시,1
지털,1
부도체,1
낸드플래시,1
굵기,1
음식물,1
제균,1
딥씽큐,1
인체감지,1
로보킹,1
대변,1
만고불변,1
정제,1
주지,1
농작물,1
품질만족대,1
쌍방향,1
국내최초,1
가짜뉴스,1
우수팀,1
모순점,1
본문,1
보사회,1
원자력발전,1
연방정부,1
기술자문,1
에너지강의,1
뮬,1
고농축,1
핵폐기물,1
재생에너지,1
풍력발전,1
해상풍력발전,1
철강재,1
송전망,1
발전기,1
마음가짐,1
빗물,1
식수,1
수송선,1
신재,1
생산국,1
천연가스전,1
시추,1
빌리,1
너지포럼,1
파이저,1
탄소배출량,1
재무부,1
부차관보,1
감면,1
원점,1
탄소배,1
출량,1
화력발전,1
예의주시,1
성숙,1
최고디지털책임자,1
가공법,1
쌍둥이,1
트윈,1
성숙도,1
프라다,1
안식처,1
프라,1
를,1
직조,1
패션학,1
규박,1
말솜씨,1
리더십콘퍼런스,1
특강차,1
친척집,1
예일대,1
소아,1
포털사이,1
인사이,1
지식강연,1
발권,1
알약,1
라크,1
토성,1
보이저,1
장교,1
자전,1
정지위성,1
차두,1
멀티탭,1
가로막,1
더듬이,1
지갑,1
치퓨처,1
챔피언스,1
카디프,1
스타디움,1
모자,1
모모이,1
클로버,1
암표,1
디디,1
추싱,1
국내서,1
활발,1
오이,1
존재감,1
넓이,1
크래프트샵,1
잔액,1
베개,1
듀오,1
디바이스,1
전자잉크,1
민음사,1
회복력,1
대자연,1
속담,1
각주구검,1
체외,1
슈퍼맨,1
사이보그,1
불복,1
종상,1
컬,1
조이,1
프츠대,1
중퇴,1
킥스타터,1
전복,1
즈자,1
바둑오픈전,1
이멍구,1
샤오,1
로이터,1
산학연,1
운전자상가,1
제작소,1
월드팀,1
메이커톤,1
어용,1
픽미,1
카오톡,1
릴이,1
킷,1
묶,1
월풀,1
프로그램해,1
감지기,1
타이머,1
소셜미디,1
엔텔,1
어뷰,1
담당관,1
성품,1
인터뷰드,1
인재상,1
비서학과,1
남편,1
재혼,1
인내심,1
살라크루,1
합작품,1
민심,1
주쯤,1
면밀,1
주회,1
위기설,1
위메이드,1
책임제,1
탄환,1
비축,1
카카오페이,1
카카오페이지,1
포도트리,1
퀴티,1
너스,1
지형도,1
기업부,1
제로인,1
순유입,1
피델리티,1
국공채,1
채권혼합,1
글로벌테크놀로,1
벌그로스,1
이노베이,1
킨덱스,1
현혹,1
배당,1
양도,1
운용본부장,1
전시회장,1
치열가장,1
노타,1
위청둥,1
핏비,1
엑스페리아,1
베리,1
에어비타,1
베이글랩,1
인사이츠,1
발목,1
총성,1
쓸이,1
지배력,1
총수,1
전쟁서,1
뒷걸음질글로벌,1
결단,1
결단력,1
간불,1
최지,1
실추,1
부사,1
장급,1
파이프라,1
복귀,1
템포드롬,1
최고마케팅,1
낙차,1
회전판,1
리미,1
파워스틱,1
미술관,1
술관,1
핏,1
영법,1
영국법,1
전쇼,1
소식지,1
가전삼성전,1
볼래,1
도시바,1
뱅앤,1
부전,1
세탁조,1
독무대,1
친고죄,1
용서,1
백문백답,1
청송미디어,1
서전,1
침범,1
휴먼,1
생김새,1
티사,1
국립인간,1
놈연구소,1
캡쳐,1
시술자,1
마켓플레이스,1
지평,1
흡입술,1
지방흡입,1
오렌지,1
알갱이,1
아래쪽,1
떠지방흡입,1
지방흡입술,1
봉합,1
알츠,1
베타,1
아밀로이드,1
바리,1
저하,1
츠하이머병,1
혈류량,1
치매국책,1
대기업,1
중소기업인,1
오드라이버,1
오프라인연계,1
톡금지법,1
백색,1
감시카메라,1
다큐멘터리,1
수호,1
데일리메일,1
브러더,1
반부패,1
반범죄,1
뜀박질,1
유괴,1
환구,1
시보,1
정보판공실,1
신랑,1
와츠앱,1
구류,1
처분,1
젠주,1
정법위,1
공안부장,1
궈,1
모욕,1
씀씀이,1
리케이션,1
조감도,1
재건축,1
철거,1
식기세척기,1
모듈러,1
가전사업,1
너지관리솔루션,1
만남의광장,1
온콜로지,1
남용,1
오픈하우스,1
토털,1
케미칼,1
앱스,1
바이오팜이,1
피오,1
어투,1
매너,1
신사,1
진정,1
용건,1
맞춤카드,1
사만,1
단발머리,1
구두,1
호칭,1
핀고,1
열중글로벌,1
스타벅스,1
에스프레소,1
저지방,1
계핏,1
일기,1
우비,1
판초,1
뒷부분,1
장부,1
월말,1
도미챗,1
노페이,1
수렴,1
미학,1
정기회의,1
아미,1
사무부총장,1
피아,1
식량,1
리액션,1
지미,1
잇,1
진행자,1
부총장,1
카오스,1
강연차,1
강화학습,1
전전두엽,1
만능,1
교훈,1
사이언스지,1
아미노산,1
돌연변이,1
다차원,1
반환점,1
개발실장,1
기호학자,1
수도사,1
내막,1
발설,1
이면,1
숭상,1
결속,1
가톨릭,1
충만,1
미술사,1
성당,1
여행서,1
미래학,1
세공,1
수수께,1
추리,1
건축물,1
도리,1
흡인력,1
명불허전,1
결핍,1
노벨,1
정오,1
윗몸일,1
미인,1
맨스,1
촉박,1
붓질,1
축소일로,1
재료비,1
초저가,1
퓨처리즘,1
피카소,1
쓰기,1
양피,1
엄선,1
스프랫,1
간가량,1
다의어,1
파워포인트,1
오탈자,1
부호,1
띄어쓰기,1
샤,1
노린,1
정가,1
버뮤직,1
네이버뮤직,1
이용권,1
앰비언스,1
전구,1
동글,1
프로농구,1
포인트가드,1
골든스테이트,1
스테판,1
아틱,1
정의석,1
의구심,1
참관,1
마라톤,1
귀퉁이,1
풀H,1
졸루션,1
박람회,1
종신,1
욕조,1
목욕,1
네이처지,1
비트퓨리,1
발제자,1
더리,1
싱귤,1
드류,1
스타인,1
토론자,1
아날로,1
프로듀서,1
유슬란,1
성원,1
격파,1
예속,1
과기부,1
상류,1
하류,1
구제,1
선발자,1
기업군,1
강대,1
약소국,1
빈약,1
종자,1
초인간,1
쇠망,1
재판소장,1
진흥원,1
잠비나이,1
섭외,1
작곡가,1
윤상,1
질척,1
강물,1
노랫말,1
평할,1
대중음악,1
발라드곡,1
퓨전,1
국악,1
잠비,1
선율,1
편곡,1
둘,1
불명예,1
유스트,1
부끄러움,1
잔혹,1
보건원,1
분석법,1
외상,1
후스트레스장애,1
이노,1
유리기판,1
평평,1
검사기,1
디스플,1
판독기,1
단비,1
스태티스타,1
승구,1
입국장,1
출국자,1
혼잡,1
진입로,1
검색기,1
불덩어리,1
억압,1
이주,1
밀너,1
레이크스루,1
돛,1
명왕성,1
교육혁신원,1
실시스마,1
교내외,1
위임,1
디스쿨,1
아이스쿨,1
죽전,1
부트,1
파나소닉,1
대생,1
단국국제여름학교,1
회학,1
다국적,1
피인,1
돌파세종대,1
항공우주공학,1
웍스,1
교습법올,1
교수법,1
학습력,1
팀워크,1
탄도,1
룰,1
주판,1
강성,1
형반,1
도체연구본부장,1
소수점,1
그래,1
바닷가재,1
여울,1
계승,1
후계,1
주중,1
집승,1
인민망,1
소후,1
벗,1
시장배,1
교류전,1
아마,1
연인원,1
전화량,1
신념,1
상담석,1
수면실,1
안마,1
휴게,1
회식비,1
휴가철,1
여행권,1
봄철,1
도시락,1
팰로앨토,1
지오디지털,1
대차,1
크래,1
얼라이언스펀드,1
녜,1
엄,1
추진단장,1
대병,1
동산,1
팟,1
격전,1
소프트웨어학부,1
포문,1
효자,1
울타리,1
선박이,1
근해,1
원양,1
가능자율,1
동력원,1
선도무인,1
인터내셔널,1
군수,1
해운업계,1
컨테이너,1
화물선,1
운사,1
승선,1
육상,1
트선박솔루션,1
숙련도,1
조선기술,1
샛,1
광대역,1
플리트,1
익스프레스,1
무인선박,1
아이플라이테크,1
합격선,1
의학서적,1
우지,1
단락,1
디지털미디어커뮤니케이션,1
소비자가전,1
부센터장,1
부소장,1
합종,1
연횡,1
사용료,1
엔니,1
수퍼데이터리서치,1
플레이어언노운스,1
배틀그라운드,1
레볼루,1
기대작,1
역할수행,1
마법사,1
서머너즈,1
포켓몬고,1
모션캡처,1
사운드프로덕션,1
믹싱룸,1
광선검,1
란대상,1
올림픽프,1
쇼트트랙,1
땀방울,1
데스크,1
수호랑,1
황영기,1
미디어촌,1
기술정보통신부,1
후원사,1
설경,1
언덕,1
조작기,1
키장,1
예약제,1
시상대,1
중계석,1
메모리큐브,1
과기정통부,1
올림픽추진,1
토요일,1
액,1
기숙사,1
체감,1
성균관대,1
셔틀버스,1
최상위,1
후마,1
숙명,1
무산,1
웹콘퍼런스,1
국제회의,1
활발글로벌,1
면역,1
부문인,1
루게릭병,1
수노,1
비온,1
볼라,1
테스크포스팀,1
한미약품,1
대웅,1
보령제,1
아이메디신,1
전문위원,1
유헬,1
스탠다,1
크리스탈지노믹스,1
진통제,1
국군사이버사령부,1
사업청,1
장병,1
의술,1
서민,1
희소식,1
슬림,1
권영,1
이동면,1
사업단장,1
중량감,1
기대글로벌,1
창설,1
우군,1
브랜드이자,1
애칭,1
냉기,1
악취,1
스모,1
이산화황,1
이산화질소,1
크로미터,1
장마철,1
마음속,1
▲의료,1
술기,1
의료기기,1
흥재,1
고강,1
네비게이션,1
말기심부전,1
펌프,1
허벅지,1
희귀,1
치료약,1
올리타,1
지속력,1
미래설계,1
두드림,1
청결,1
냉동고,1
파자,1
새우,1
꽃게살,1
해산물,1
각양각색,1
톡톡,1
미챗,1
결연,1
글로벌마케팅,1
광년,1
펀더멘탈,1
홈트레,1
이딩,1
일트레이딩,1
턴어라운드,1
재무데이터,1
모닝,1
산출,1
달인,1
매수구간,1
항공권,1
리조트,1
도모,1
스테이,1
잠실점,1
프랜차이즈,1
고무줄,1
객실,1
숙박업,1
혁신대상,1
고충,1
아이센,1
담봇,1
수거,1
적중률,1
게시글,1
충동,1
맹,1
셀럽,1
자동차업체,1
해켓,1
동영상서비스업체,1
훌,1
차업,1
총출,1
신년사,1
빈민촌,1
열병식,1
쿼츠,1
페드,1
밍,1
고스,1
장서,1
기관지,1
소조,1
중관춘,1
생활가전,1
초소,1
그리,1
홈플러스,1
동빙,1
밀맥주,1
알코올,1
도수,1
건양,1
활약상,1
마니팔,1
동양인,1
서양인,1
시스플,1
불일치율,1
미완,1
맹신,1
길병원,1
금물,1
칭송,1
굴욕,1
게스,1
가격대,1
적한,1
위드이노베이션,1
해돋이,1
학맥,1
짬짜미,1
일소,1
기획서,1
무제,1
잡음,1
와이즈넛,1
구업,1
통합정보,1
색인,1
드로이드폰,1
드로이,1
영구,1
전자제어,1
입출,1
냉매량,1
마이크로미터,1
벽걸이형,1
홈멀티,1
골드,1
파전,1
재조정,1
로보어드바이저,1
은행사,1
보어드바이저,1
보알파,1
보프로,1
입출금,1
이체,1
올원뱅크,1
벅스,1
양승조,1
전달식,1
엘비,1
미팅,1
신은,1
구내식당,1
경조,1
부양가족,1
오미니,1
디지털미디어학,1
소모량,1
상처일,1
재채기,1
무호,1
흡증,1
이크,1
코골,1
파스타,1
맛깔,1
채도,1
일출,1
역광,1
구형,1
동조합,1
고야,1
구획,1
애니,1
얼굴인식,1
방산전자,1
기능식품,1
데마,1
코사민,1
파우치,1
장품,1
저비용,1
정기편,1
시니어,1
매일,1
골격근,1
시니,1
저소,1
지원하이트진로,1
안방,1
판매자,1
트스,1
태그,1
꽃무늬,1
원피스,1
봄나들이,1
데이트룩,1
턴원피스,1
의상,1
변환기,1
식빵,1
말미,1
토론장,1
합계,1
서막인,1
함락,1
베지에,1
세유,1
마차,1
고속철,1
시발점,1
기선,1
물레방아,1
공평,1
답습,1
연명,1
밑바닥,1
비참,1
굴레,1
고릿,1
문과생,1
앞날,1
젬병,1
임시,1
방편,1
프리미엄폰,1
쥐자,1
훈제,1
연어,1
명소,1
안내판,1
도넛,1
열량,1
칼로,1
초당,1
카메라새,1
저조도,1
물풍선,1
풍선,1
물방울,1
출시일,1
송출,1
먹을거리,1
여수,1
아르바이트,1
변두리,1
댁,1
고깃국,1
시외버스,1
읍내,1
군부대,1
짬밥,1
쥐똥,1
반려견,1
캠핑장,1
인간관계,1
민낯,1
사방,1
부지런,1
어시장,1
생선,1
바닷가,1
렌,1
홍차,1
허세,1
빈도수,1
엔그램,1
뷰어,1
정신사,1
무의식,1
최면,1
프로이트,1
유연제,1
처녀,1
창피,1
개뻥,1
수입국,1
니그룹,1
전략본부장,1
조처,1
운용자,1
전국망,1
심망,1
통신장비,1
당기,1
지급여력,1
역동,1
인생금융,1
타사,1
명함,1
방카,1
진출삼성생명,1
삼성생명,1
세살,1
세살마을,1
타악,1
헌혈증,1
병어린이재단,1
인하,1
서초,1
요가,1
잡티,1
초고화질,1
마킷,1
출하량,1
무기물질,1
퀀텀닷,1
열망,1
의료원장,1
구로,1
지주회사,1
고대의대,1
생화학분자생물학교실,1
자연살해,1
고대안암병원장,1
단융,1
의학센터,1
역투,1
시만,1
독자서비스,1
지능알,1
낙찰,1
이민자,1
퓨리,1
응전,1
총기,1
중립,1
크리거,1
생의학,1
사카자키균,1
독소,1
분비,1
적혈구,1
내성균,1
중년,1
선입관,1
복사판,1
서방,1
골인,1
사랑법,1
호감도,1
맞선,1
스캐터랩,1
ㅋ,1
거주지,1
노다,1
솔메이트,1
크리에이션이,1
여배우,1
턱,1
나이트클럽,1
봉춤,1
스트립,1
댄서,1
마네킹,1
흥밋거리,1
밤잠,1
착석,1
묵상,1
입회,1
),1
우상귀,1
한판,1
체취,1
고답,1
쌍방,1
좌하귀,1
백돌,1
중평,1
제국,1
라드츠,1
브렉,1
소설계,1
네뷸러상,1
클라크,1
협회상,1
로커스,1
웨이트리스,1
측량원,1
측량,1
소일거리,1
이야깃거리,1
판타지,1
기제,1
몰살,1
기득,1
인칭,1
성차별주의,1
감내,1
영웅스토리,1
외활동,1
신조어,1
택트,1
이색,1
터치스크린,1
점포당,1
이상일,1
사업부문장,1
횡단자,1
춘제,1
기차역,1
수배범,1
왕쥔,1
무단횡단,1
무임승차,1
유언비어,1
제공삼,1
매직인포,1
불편해,1
디저트,1
상품명,1
진열,1
무인점포인공지능,1
블랙리스트,1
요일,1
방문객,1
시그니처,1
손영권,1
석방,1
킨진,1
트펀드,1
체류,1
조작법,1
세탁법,1
염색,1
애프,1
소용량,1
양말,1
이불,1
노년,1
긴자,1
더리움,1
발행량,1
조달액,1
남체인,1
강판,1
에너지산업,1
산업명,1
러다임,1
공정상,1
설비음,1
생산품,1
조업,1
철강사,1
포스프레임,1
설비자산,1
솔류션,1
제철,1
고앙,1
포스프레,1
제조원가,1
세계최초,1
지능제,1
히어,1
니클라,1
식문,1
알지,1
철가방,1
배달지금,1
배달왕,1
외스트,1
히어로,1
리버리,1
딜리버리,1
히,1
배달원,1
프라이드치킨,1
창사,1
탄성,1
기둥,1
소유주,1
문짝,1
우산꽂이,1
엔진실,1
실크,1
쿠션,1
반원,1
휠캡,1
덮개,1
장인,1
환희,1
판테온,1
신전,1
라디에이터,1
그릴,1
흡입구,1
총상금,1
우수상작,1
왕자,1
하코다테,1
문체,1
구성력,1
참가서,1
웹소설,1
음반사,1
드로잉봇,1
엔터아츠,1
패트릭,1
네이버랩스,1
디자인상,1
스트마,1
스케이트보드,1
파크몰,1
액정표,1
시장치,1
스플랫폼,1
실사,1
예정일,1
단답,1
안과,1
뇨,1
소견,1
녹내장,1
감퇴,1
조영술,1
문화원,1
카셰어링,1
테일,1
이뇨제,1
아밀로라이드,1
에날라프릴,1
고칼륨,1
혈증,1
칼륨,1
정상치,1
장염,1
푸라졸리돈,1
항우울제,1
부프로피온,1
핏불,1
은반,1
군무,1
기대주,1
피겨,1
스텝,1
정적,1
빙판,1
이스링크,1
판타지아,1
리허설,1
싱글,1
은메달,1
예테리,1
투트,1
여왕,1
진보양,1
빈센트,1
아이스댄스,1
민유라,1
빈치,1
끝판왕,1
전능,1
스턴,1
식자재,1
법률자문,1
총인구,1
식별정보,1
신상,1
별정보,1
금광,1
변양,1
판매점,1
명물,1
짝꿍,1
본말,1
소문자,1
표기,1
대기자,1
추첨,1
친밀감,1
유대감,1
붉은빛,1
얼굴색,1
이보,1
어펙티바,1
코로,1
레비,1
감정로봇,1
데이터미국,1
러프,1
홀컵,1
팔꿈치,1
기술대,1
소주,1
검진법,1
즈니스리뷰,1
금맥,1
바이오팜,1
봉황망,1
장야,1
총재,1
윈즈,1
약세,1
혈안,1
안성맞춤,1
필적,1
셜미디,1
규획,1
중편,1
육아,1
야심미국,1
개발명,1
화로,1
이족,1
아시모,1
휴보,1
치타,1
창고,1
접기,1
진공청소기,1
가동법,1
지멘,1
장시간,1
소멸,1
축하금,1
홀가분,1
탕,1
집필,1
햇빛,1
인터넷뉴스,1
여름날,1
눈비,1
제시간,1
기침,1
나일론,1
조끼,1
코치진,1
포스하이메탈,1
분진,1
인묵,1
드루킹,1
질타,1
장사,1
편익,1
당사,1
뉴스캐스트,1
뉴스스탠드,1
좌편향,1
아랫돌,1
윗돌,1
어절,1
위험물,1
이송,1
방역,1
충족,1
물음표,1
미용,1
용실,1
이스피싱,1
심사숙고,1
대비책,1
구스트,1
딴청,1
주구,1
팽만,1
위염,1
관밍,1
부원장,1
시험장,1
성장판,1
역부족,1
비바테크놀로지,1
수전,1
참수,1
제정신,1
쇼구,1
항저우,1
배식구,1
조리사,1
차감,1
졸기,1
관리미,1
레코그니션,1
오리건주,1
콘서트장,1
보다폰,1
문젯거리,1
시스템온라,1
고도화,1
덤핑,1
허점,1
플레잉,1
유실,1
퀄리티,1
스랩,1
세탁통,1
시피,1
프리미엄급,1
제원,1
미니지난달,1
은크기,1
닷,1
인프렌즈,1
미니언,1
사용자가스티커,1
파트너사,1
마디대화,1
카카오미니카,1
단톡,1
오톡,1
단톡방,1
카톡방,1
성시경,1
이별,1
플레이리스트,1
번거,1
영역대,1
고깔,1
디퓨저,1
밑면,1
바닥면,1
미세먼,1
반포메이플자이,1
초미세먼,1
포메이플자이,1
항균,1
집진,1
성급,1
순혈주의,1
회사일,1
머노이드,1
암논,1
겸직,1
대학교수,1
파람,1
실내외,1
턱선,1
소프트웨어업체,1
어도비,1
보건서비스,1
음영,1
뇌암,1
발성,1
합병원,1
전립선,1
기학회,1
치사,1
학연구원장,1
수포,1
프로필,1
동성,1
유타,1
메시,1
호날두,1
피파,1
원근감,1
축구공,1
입체감,1
언티스트,1
간식,1
대장균,1
아이큐,1
계산력,1
추리력,1
왈시,1
생화,1
학무기,1
규제안,1
반도체순차,1
중국폰,1
갤럭,1
증권가,1
내림세,1
투수,1
필기구,1
넥스,1
파인드,1
윗면,1
엘리베이,1
폐쇄회로,1
비디오테이프건,1
경비실,1
골칫거리,1
카메라도네트워크,1
데스크톱,1
캠,1
전기톱,1
한차례,1
소동,1
간대,1
킬러로봇,1
국제인권기구,1
주미,1
대사관,1
공문,1
엔군축,1
오용,1
조약,1
멜로,1
퍼시픽,1
에너지업체,1
집적도,1
규율,1
청춘,1
레디,1
플레이어원,1
킬링,1
녹십자랩셀,1
이마트,1
퓨리케어,1
제품력,1
듀얼파워,1
멀티액션,1
총결집,1
액티브액션,1
액티브스윙,1
특색,1
필터세이버,1
정전기,1
텔레마케팅,1
인허가,1
업무차,1
다단계,1
횡포,1
총자,1
본금,1
토막,1
쿼터,1
아이로보,1
일임업,1
언감생심,1
대형사,1
퉁,1
민감도,1
농무부,1
로미터,1
에뮬레이트,1
국식품,1
트래커,1
노피자,1
동갑내기,1
파초,1
위스리,1
전주,1
을배,1
중외,1
정책가,1
칵테일파티,1
연회,1
첩보,1
지리,1
원연구소,1
징잉,1
펑수아,1
선택지,1
외교관,1
수족관,1
실효,1
인간계,1
풍속도,1
사부,1
천양지차,1
고시,1
필사,1
자구책,1
억대,1
고성,1
고수입,1
고효과란,1
도식,1
부유,1
금수저,1
흙수저,1
판박,1
지력,1
재력,1
완역,1
왕국,1
번역국,1
서양서,1
게모리,1
예문,1
함축,1
방갈,1
본산,1
상회,1
허수,1
자금도,1
구걸,1
삼바,1
분주,1
안전추,1
대규모,1
재주,1
급등삼성,1
직스,1
이오,1
니어링,1
라진,1
보안과,1
오피,1
수혜주,1
주목무,1
원익,1
디아이,1
아이폰Ⅹ,1
원익테라세미콘,1
제공휘,1
전략스마트폰,1
식초,1
칫솔,1
베스트샵,1
씽,1
스마트케어,1
올레드,1
붐박스,1
소비전력,1
저전력,1
듀얼아이,1
마이존,1
잡담,1
구단,1
타율,1
평균자책점,1
탑재넷마블,1
색조,1
시장아모레퍼시픽,1
아이섀도,1
레퍼시픽,1
시세이,1
옵튠,1
로션,1
버츄얼,1
어스타일,1
어핏,1
버츄얼라이브,1
퍼스널뷰티,1
라인쇼핑,1
견인,1
삼영기,1
주름,1
모공,1
색소침전,1
세븐일레븐,1
세븐입,1
레븐,1
이마,1
용지,1
핸드,1
시그니처점,1
가맹,1
정승,1
븐일레,1
스포츠게임,1
페인,1
게이밍,1
총알받이,1
정표,1
중반부,1
종반부,1
맞불,1
실내등,1
지네이버,1
탈부,1
착식,1
배터,1
군더더기,1
븐일레븐,1
캔들,1
취침등,1
각축전세계,1
스트래티지애널리틱스,1
차상균,1
리퀴드,1
뉴럴링크,1
커널,1
오케이,1
풀라인업,1
메르디안,1
메리디안,1
메리,1
재규어,1
무손실,1
업비트,1
편리함,1
시회,1
연설장,1
고졸,1
비닐,1
봉지,1
매입,1
동대문시장,1
정연,1
대문,1
자이너,1
①,1
③,1
색좌,1
턴스,1
광파,1
스피커폰,1
첫자,1
퓨,1
체인저,1
삼성전자,1
고부가,1
오사업,1
컨설팅법,1
언스트,1
지출,1
찬장,1
세줘,1
서머타임제,1
하절기,1
시침,1
갤럭시홈,1
일상속,1
방탄소년단,1
선곡,1
단골집,1
실드,1
동전,1
곤란,1
고주파,1
체업체,1
웨더뉴스,1
강우,1
정보방송통신위,1
감사장,1
국당,1
회의장,1
웃음바다,1
보좌진,1
시연과방위,1
국감,1
등록증,1
갈고양이,1
김진,1
벵갈,1
양이,1
오토마,1
탑승자,1
건널목,1
갓길,1
오픈이노베이션,1
전제품,1
영권,1
뇌신경,1
감점,1
천연색,1
토스터기,1
병세,1
보고회,1
프리폼,1
개발상,1
본상,1
초고,1
스털,1
이노텍팀,1
박막,1
단열,1
하우,1
시스팀,1
특별상,1
건강팀,1
계열사별,1
자동차부품,1
에스지,1
보사노바,1
발담당,1
가산,1
과학연구소,1
인프,1
진흙,1
망연자실,1
강진,1
하루아침,1
사망자,1
아이티,1
대지진,1
진전,1
선입견,1
미드,1
심해,1
방파제,1
난폭,1
초토화,1
매시간,1
해수면,1
위도,1
소집,1
자립,1
천명,1
집체,1
공학원,1
분수,1
지렛대,1
삼두,1
초려,1
이커머스본부장,1
글로벌연구소,1
커머스본부,1
쉬,1
부사장직,1
억,1
실무자,1
명실,1
상부,1
통화료,1
로밍,1
자임,1
중계망,1
밑바탕,1
테마파,1
안전부,1
안전통신망,1
재난안전통신망,1
준준,1
신민,1
펑리,1
야오,1
우문,1
양보,1
틈새,1
기색,1
투혼,1
우변,1
우상,1
우하귀,1
협공,1
상변,1
몸싸움,1
며칠치,1
재고일,1
지능먼,1
공습,1
스케치,1
지시서,1
샘플실,1
족발,1
장악요즘,1
자기소개,1
기소개서,1
리온,1
배구공,1
타스,1
유럽,1
로켓,1
에어버스,1
형컴퓨터,1
퍼즐,1
외로움,1
인트볼,1
인트,1
일손,1
보넛,1
하체,1
키로보,1
키보,1
우주국,1
인사이트호,1
흙,1
열전,1
도율,1
근치,1
절제술,1
맥류,1
신장암,1
바이오벤처,1
대면다학,1
대책회의,1
장관회의,1
토지,1
가액,1
반경,1
읍,1
휴양림,1
휴식년,1
상영관,1
객석,1
습격,1
종횡무진,1
코프,1
도둑,1
사무원,1
중심가,1
계산원,1
스탠,1
식료품점,1
진열대,1
개찰구,1
서스워스,1
메라,1
호텔리어,1
직위,1
후보자군,1
수기,1
▲미래,1
▲서비스,1
겨글로벌,1
해외시장,1
스탠다드차,1
유니,1
셜그룹,1
라인뱅크,1
라인파,1
카시콘라인,1
언블락,1
기술전,1
미개척,1
이버웹,1
라인망가,1
인망가,1
브이라이,1
컴테크놀로지,1
이공계,1
졸업자,1
깃발,1
임용,1
마윈,1
자족,1
연중,1
컴퓨터과학,1
금융인,1
유적,1
진품,1
동문,1
학과장,1
교두,1
쾌적지표,1
이산화탄소,1
일정량,1
플렉스파,1
플렉스파이,1
헤드폰,1
북새통,1
앞좌석,1
세싱,1
더월,1
폭포,1
돌돌,1
추격삼성,1
하이파이브,1
막대,1
서커스,1
묘기,1
마니플레이터,1
카트로봇,1
데이터베이스인,1
벌집,1
후터,1
캐나다인,1
니말,1
변전소,1
하수관,1
김포,1
장남,1
대고객,1
송달,1
유상,1
배관,1
월간바둑,1
회상,1
소신,1
승부욕,1
맹장,1
입단자,1
판수,1
다승,1
눈초리,1
다리오,1
코민츠,1
예측로봇손,1
장갑,1
보호자,1
도라,1
뭉치,1
진구,1
주유소,1
출가,1
빈자리,1
오래간만,1
산증인,1
사재,1
노환,1
기획실,1
헌,1
휴학,1
웨이터,1
통신장교,1
해동,1
문화재단,1
정도전,1
하이퍼링크,1
신학기,1
무크,1
인포매틱스,1
컬처앤테,1
자기설계,1
대접,1
해설자,1
노골,1
줴이,1
고등과학원,1
한돌,1
배타,1
분전,1
구출,1
애비,1
노동기구,1
성행,1
건초,1
더미,1
바늘,1
어낼리틱스,1
광고료,1
텔레콤보안,1
열어글로벌,1
초생활,1
출입증,1
에지컴퓨팅,1
레콤,1
나이언틱,1
컴캐,1
트그룹,1
컴캐스트,1
스펙타코어,1
수트봇,1
운드,1
토랑,1
폼팩,1
폼팩터,1
블폰,1
지난번,1
곡절,1
무림,1
무협,1
칼텍스,1
초일류,1
이점,1
힘바둑,1
단언,1
호승,1
귀신,1
릴라제로,1
낙방,1
늦깎이,1
동갑,1
하산,1
찬스,1
제대,1
거구,1
봄여름가,1
소절,1
감소세,1
홈화면,1
도입부,1
피싱스톱,1
방검찰청,1
대포,1
피싱일,1
정보부,1
보이스피싱,1
소프트웨어융합대학융합,1
대양,1
소셜미디어매니지먼트,1
프트웨어학,1
해외우수연구기관유치,1
협력단,1
표창,1
항공체계,1
멀티스튜디오,1
캠퍼스타,1
지진분야,1
액센추어,1
자료량,1
라바,1
엑사바이트,1
고혈당,1
수초,1
윈터라이트,1
관상,1
동맥,1
호흡증,1
리암,1
미잉,1
도암,1
에어닥,1
얼룩,1
수막염,1
유년기,1
식약처,1
스마트픽,1
쇼핑어드바,1
컨시어지,1
동행,1
로열티,1
소사이어티,1
수령,1
파이낸,1
일드,1
다이나믹,1
중소가맹점주,1
가맹점주,1
트레이,1
트레이더스,1
가운,1
간섭,1
성과주의,1
간이침대,1
한구석,1
처우,1
다반사,1
미성,1
만병,1
통치약,1
배달앱,1
요기요,1
딜리버,1
매스프레소,1
하이퍼커넥트,1
현지어,1
울음,1
나나,1
탁구공,1
지우,1
플라스틱병,1
쓰레기통,1
지디넷,1
물동량,1
원금,1
선결제,1
초원,1
보잉사,1
부팅,1
먼저,1
감시카,1
녹색,1
테크윈,1
음역,1
파열음,1
총소리,1
국비,1
도비,1
관내,1
스글로벌,1
타트업,1
듀테크,1
이러닝학,1
몰입도,1
숙,1
집중이,1
진도,1
진씽크빅,1
진북클럽,1
벼랑,1
스마트구몬,1
스마트빨간펜,1
대교,1
아이스크림,1
아이스크림미디어,1
영유아,1
무역학,1
집합,1
어려움반,1
법제도,1
술력,1
안착,1
휴넷,1
박능후,1
육성법,1
기기산업,1
먹거리이,1
심사평가원,1
식품분야,1
진형교수,1
전문병,1
제약바이,1
뇌종양,1
교모,1
뼈마디,1
표본,1
본에,1
심정지,1
예후,1
쏠리치,1
쏠림,1
리밸,1
역성장,1
온라인펀드,1
고수익,1
성실,1
폐사,1
보상금,1
시외,1
국인,1
택배비,1
느,1
자동차보험,1
굿닥터,1
어테크,1
아이씨,1
대중교통,1
전용면,1
원청,1
검찰청,1
지청,1
고속버스터미널,1
남향,1
타입,1
드레스,1
더샵필드,1
테마놀이터,1
물놀이장,1
더샵페르마,1
쾌,1
탁구장,1
독서실,1
키즈스테이션,1
당첨자,1
정당,1
중도금,1
규제지역,1
계약금,1
납입,1
전매,1
테크페스,1
목시,1
오른팔,1
선반,1
병실,1
침구,1
인식기,1
전자식,1
가격표,1
방전,1
큐트서킷,1
허그,1
유블럭스,1
퍼스트비트,1
창펑,1
탈중앙화,1
예술품,1
펀드스트랫,1
퇴장,1
보소,1
내심,1
결승서,1
골락,1
영패,1
펑황,1
거북이,1
티마,1
라제,1
승서,1
결합체,1
글로비스,1
시험기,1
그랜드마스터,1
개벽,1
정면돌파,1
국력,1
증권배,1
설욕,1
추진회의,1
금융위,1
투자일임업,1
규준,1
준,1
구속력,1
죈,1
스톡,1
미실현,1
특례,1
전속주의,1
데이터그,1
방패,1
칭다오냉장고공장,1
개명,1
창업기,1
건조대,1
정리기,1
관리인터넷,1
세탁대,1
물정리,1
일련,1
기공장,1
철근,1
걸출,1
세대이동통신,1
회동,1
투자심,1
소수자,1
팽창,1
패권주의,1
민족주의,1
급부상,1
관할,1
발효,1
정보보호법,1
역외,1
호주,1
국적민,1
미비,1
분포도,1
드업체,1
기주의자,1
능력자,1
주의자,1
지상주의자,1
코웃음,1
유색,1
고발,1
낙오,1
니콘,1
불모지,1
금지령,1
경합,1
두말,1
집행,1
논문수,1
기업수,1
특허수,1
혁신회,1
태평,1
푼돈,1
유니콘,1
동결,1
후진국,1
식민지,1
빈틈,1
과거사,1
바크아이,1
옷차림,1
양대,1
요시,1
엑스박스,1
보건기구,1
척수,1
장바구니,1
룩아웃,1
켐,1
캡션,1
트랜스크라,1
줄리,1
오니,1
디바,1
백내장,1
변조,1
절호,1
행렬,1
곱셈,1
고층,1
불굴,1
네귀니,1
레자이,1
에모리대,1
자매지,1
망상,1
렉트릭,1
중장비,1
오일,1
중공,1
이케,1
테라바이트,1
보증금,1
장기렌,1
증빙,1
어링,1
장기렌터카,1
보폭,1
인공지능학,1
▲로봇공학,1
기계학습,1
딥러닝,1
컴퓨터비전,1
자연어처리,1
인턴프로그램,1
단과,1
소프트웨어중심대학,1
소프트웨어사업단,1
피지컬,1
인증제,1
해커톤,1
천대,1
소프트웨어융합,1
학기제,1
유예자,1
집적,1
엠,1
뒷이야기,1
앨범,1
솔,1
플레이보,1
후렴,1
연결부,1
종지부,1
버드,1
창간호,1
작사가,1
희곡,1
말로,1
화음,1
옥타브,1
승현,1
풀빛,1
터부,1
지환,1
쟁점,1
서비스직,1
컴퓨터실,1
경복대,1
잣대,1
나라도,1
현직,1
최고위,1
도곡,1
책임교수,1
에어플레이,1
미러링,1
어플레이,1
변상일,1
트리,1
트레이닝,1
기왕전,1
변상,1
말년,1
방어선,1
미디어업체,1
우표,1
악기,1
이처지,1
근위,1
축성,1
측색,1
경화증,1
컴오피스,1
피스,1
풀오피스,1
한컴오피스,1
라이텍,1
개그우먼,1
변호,1
사회관,1
알파로,1
근로계약서,1
누락,1
