지능,383
인공,377
기술,318
기업,129
개발,128
분석,126
말,117
데이터,115
서비스,114
세계,104
사람,103
활용,94
연구,81
산업,81
학습,81
교육,80
고객,80
분야,76
정보,72
의료,72
로봇,70
영상,70
인식,67
교수,65
시장,65
기기,62
기반,60
다양,58
대표,58
때,56
가능,56
얼굴,55
대학,54
사진,54
투자,54
인간,53
이상,53
시스템,52
예측,52
미래,51
최근,51
시간,51
콘텐츠,51
반도체,50
과정,50
전자,49
화질,48
이용,47
방식,46
환자,46
빅데이터,45
시대,45
제품,45
국내,45
사업,45
컴퓨터,44
회장,44
제공,44
면접,44
적용,43
프로그램,41
소프트웨어,41
과학,40
전,40
게임,40
자율,38
연구진,38
문제,38
필요,37
인터넷,37
앞,36
결과,36
최대,35
기존,35
수준,35
대상,35
지원,35
진단,35
혁명,34
회사,34
연결,34
앱,34
이번,34
진행,34
혁신,33
눈,33
올해,33
기능,33
자동,33
음성,33
관련,33
기계,32
시작,32
영역,32
생각,32
공개,32
배,32
상태,32
학생,31
상황,31
스타트업,31
바둑,31
이미지,31
통신,31
사회,30
일,30
이,30
관리,30
관계자,30
맞춤,30
바탕,29
센터,28
업체,28
스,28
화면,28
카메라,28
정부,28
첨단,27
공장,27
실시간,27
곳,26
최고,26
발표,26
의사,26
출시,26
정도,26
계획,26
프로,26
대,26
지난해,26
과,26
알고리즘,26
운영,25
확인,25
시각,25
뇌,25
집,25
팀,25
펀드,25
융합,24
속도,24
작년,24
사용자,24
다음,24
성공,24
접목,24
공동,24
판단,24
모델,24
능력,24
협력,24
경우,24
핵심,24
전공,23
규모,23
설립,23
기사,23
안,23
국제,23
구축,23
국가,23
대회,23
상품,23
보험,23
프로세서,23
사용,22
발전,22
인재,22
입력,22
자동차,22
전문,22
구글,22
장비,22
내용,22
실제,22
처리,22
직원,22
추천,22
환경,22
방법,21
등장,21
차량,21
디지털,21
설명,21
양성,21
대화,21
글로벌,21
온라인,21
도입,21
현실,20
공학,20
전망,20
파악,20
성장,20
병원,20
점,20
업계,20
연구소,19
중심,19
손,19
지난달,19
단,19
최적,19
최초,19
탑재,19
안전,19
그래픽,19
처음,19
이후,19
패턴,19
답,19
생산,19
수학,19
평가,19
예정,19
속,19
발생,19
효과,19
모바일,18
비교,18
알파고,18
전문가,18
뒤,18
트폰,18
목소리,18
상용,18
질문,18
진출,18
후,18
해외,18
급,18
금융,17
주행,17
추진,17
자체,17
장치,17
명령,17
검색,17
단어,17
해결,17
정확도,17
재생,17
반영,17
성,17
여성,17
광고,17
목표,17
공간,17
인력,17
메모리,17
학과,16
자신,16
경제,16
변화,16
준비,16
역할,16
동안,16
결정,16
사물,16
크기,16
주행차,16
음악,16
텔레콤,16
인수,16
기대,16
이세돌,16
현장,16
소비자,16
중요,16
사고,16
생활,16
규제,16
표정,16
지,15
경험,15
정확,15
구성,15
작동,15
제어,15
특정,15
포함,15
형태,15
개인,15
이동,15
칩,15
시청,15
사례,15
우수,15
인류,15
가치,15
이해,15
지원자,15
동시,14
연구원,14
조성,14
총장,14
인,14
비서,14
저장,14
강화,14
기준,14
전략,14
적극,14
의미,14
일부,14
선정,14
병,14
건강,14
업,14
매체,14
사이,14
역량,14
퀀텀,14
인문,13
사,13
과거,13
박사,13
진화,13
여부,13
단계,13
하루,13
기자,13
자,13
차원,13
지금,13
세탁기,13
집중,13
기관,13
행동,13
성과,13
노력,13
상대,13
그룹,13
모습,13
과목,13
필수,13
경쟁력,13
크,13
성능,13
일자리,13
핑안,13
치수,13
신호,13
사운드,13
언어,12
유지,12
물건,12
선택,12
선발,12
세기,12
대신,12
패,12
알파,12
수,12
예,12
대국,12
바둑이,12
확대,12
어,12
최종,12
러닝,12
표준,12
치료,12
방향,12
판매,12
법,12
장면,12
사망,12
칼리지,11
도전,11
전체,11
세상,11
영향,11
디스플레이,11
창업,11
경쟁,11
행사,11
안면,11
현재,11
고화질,11
사실,11
수집,11
자세,11
비용,11
지역,11
해당,11
확보,11
전화,11
소리,11
조사,11
돌,11
우승,11
결합,11
힘,11
촬영,11
엔진,11
매매,11
화소,11
그동안,11
원,11
향후,11
트,11
내년,11
발견,11
승인,11
일반,11
평균,11
주,11
이유,11
자산,11
대통령,11
법안,11
기본,11
조직,10
뜻,10
창출,10
경영,10
효율,10
기회,10
에어컨,10
전용,10
조절,10
전기,10
현지,10
기술력,10
스포츠,10
차세대,10
구조,10
가전,10
차,10
원격,10
관심,10
플랫폼,10
통합,10
기록,10
관계,10
아이,10
일상,10
자료,10
강의,10
달,10
개선,10
시청자,10
질병,10
식품,10
보건,10
자연,10
장애,10
장애인,10
공정,10
판,10
책,10
탐구,10
저해상,10
내부,9
학교,9
밖,9
부분,9
설치,9
길,9
스마트폰,9
주변,9
별도,9
센서,9
확장,9
미디어,9
위,9
블록,9
거래,9
수행,9
지도,9
의도,9
도움,9
커피,9
대부분,9
일정,9
공대,9
강조,9
이제,9
실력,9
부족,9
가상,9
구분,9
전송,9
혜택,9
안내,9
마케팅,9
가,9
은행,9
육성,9
요소,9
전달,9
헬스케어,9
축적,9
위험,9
창업자,9
시도,9
토대,9
제시,9
날씨,9
벽,9
국,9
계산,9
심사,9
헬스,9
인공지능,9
설정,9
드,9
개발자,9
존재,9
신경망,9
코덱,9
건축,9
학문,8
소개,8
선도,8
팔,8
시험,8
양,8
정치,8
도시,8
운전,8
전시회,8
교통,8
장착,8
스피커,8
이날,8
특화,8
무대,8
수업,8
체인,8
순위,8
참여,8
통과,8
발굴,8
점검,8
계약,8
연속,8
기,8
주목,8
부담,8
음식,8
문,8
반,8
편리,8
사건,8
호텔,8
취업,8
수요,8
개설,8
글,8
버전,8
골락시,8
종합,8
망,8
인프라,8
자리,8
체결,8
고도,8
작업,8
개최,8
적합,8
산학,8
당뇨병,8
철학,8
차별,8
수익,8
근거,8
아기,8
듀,8
비판,8
상,8
최대한,8
맥주,8
최적화,8
국어,8
수능,8
매,7
빌딩,7
미,7
과학자,7
공식,7
기부,7
경영자,7
주도,7
정체,7
정원,7
빛,7
현상,7
유명,7
생존,7
가운데,7
시점,7
소비,7
폰,7
생체,7
인치,7
식별,7
홈,7
배경,7
보조,7
제조,7
에너지,7
공유,7
마인,7
향상,7
시,7
본사,7
외부,7
동력,7
조정,7
업무,7
부문,7
서,7
랭킹,7
머,7
차례,7
대결,7
승리,7
마비,7
로봇손,7
안경,7
비밀,7
코딩,7
제작,7
사전,7
주요,7
현존,7
설비,7
세대,7
마,7
감지,7
대체,7
신,7
만족,7
경고,7
보,7
무인,7
학부,7
기간,7
매니저,7
판독,7
강연,7
보유,7
질환,7
매장,7
챗봇,7
평소,7
결제,7
치,7
영화,7
선,7
사무실,7
세,7
신입,7
비행기,7
주장,7
내장,7
대학원,7
지속,7
포트폴리오,7
코,7
위치,7
테크,7
최강,7
상장,7
모드,7
접근,7
시민,7
주권,7
예상,7
문장,7
아,7
전력,7
조현병,7
계열,7
왜곡,7
인지,7
비평,7
백색,7
초고화질,7
몰입감,7
개념,6
규정,6
국민,6
연구실,6
동작,6
위원회,6
실내,6
연동,6
취향,6
선명,6
선전,6
참가,6
나라,6
전쟁,6
전시장,6
종,6
자사,6
곳곳,6
감정,6
움직임,6
중계,6
전기차,6
참석,6
스크린,6
로,6
대응,6
구현,6
몸,6
반면,6
냉장고,6
스마,6
독자,6
바,6
증강,6
논문,6
상승,6
분산,6
일종,6
검사,6
절감,6
전국,6
완성,6
대기,6
신진서,6
실시,6
동영상,6
포석,6
중,6
공부,6
승,6
게이머,6
이전,6
추가,6
친구,6
도구,6
하드웨어,6
날,6
사장,6
학,6
판도,6
끝,6
라,6
당시,6
성년자,6
표시,6
인기,6
서버,6
각종,6
강,6
승률,6
꿈,6
무선,6
감상,6
자막,6
채널,6
예방,6
자랑,6
번역,6
증가,6
정책,6
수면,6
카,6
머신러닝,6
즉시,6
카드,6
연간,6
응답,6
물체,6
층,6
책상,6
과자,6
분류,6
박스,6
쓰레기,6
한계,6
금지,6
위주,6
무료,6
편의,6
어드바이저,6
대출,6
도출,6
등급,6
실험,6
의류,6
세탁,6
법률,6
자국,6
여자,6
표현,6
증세,6
학년,6
프론티어,6
지수,6
고득점,6
티,6
지구,6
중환자,6
송출,6
선사,6
번,6
배가,6
초고해상,6
안면인식,6
전형,6
설계,5
수상자,5
배출,5
자금,5
상거래,5
위기,5
변신,5
터,5
이름,5
컴퓨팅,5
출신,5
이론,5
확산,5
시뮬레이션,5
문제점,5
답변,5
이식,5
면,5
리,5
버튼,5
온도,5
예약,5
최신,5
운전자,5
활동,5
통화,5
모방,5
불,5
협업,5
착용,5
심층,5
연방,5
학술지,5
사이언스,5
발,5
매출,5
안정,5
획기적,5
훈련,5
얼마,5
가스,5
전역,5
신성장,5
상담,5
등록,5
점수,5
요즘,5
타,5
최정,5
비,5
반복,5
눈동자,5
조작,5
관점,5
회로,5
검토,5
변곡점,5
연구자,5
졸업,5
시범,5
마지막,5
은퇴,5
장소,5
국산,5
정상,5
우려,5
의존,5
성매매,5
범죄,5
사이트,5
조명,5
제휴,5
생태,5
체,5
한,5
쇼핑,5
블록체,5
스트리밍,5
범위,5
전면,5
통제,5
스마트,5
장악,5
이달,5
가상현실,5
시기,5
초반,5
물,5
나이,5
노래,5
보급,5
확률,5
창의,5
창,5
통신부,5
신규,5
의료진,5
보도,5
망막,5
조기,5
인구,5
의학,5
허가,5
보호,5
진료,5
혈압,5
중국인,5
엑스레이,5
임상,5
건수,5
주문,5
신용,5
직업,5
연,5
유형,5
신청,5
도착,5
대형,5
반응,5
거리,5
돈,5
어려움,5
일상생활,5
긍정,5
토싱봇,5
모양,5
두뇌,5
안전모,5
경찰,5
채용,5
입,5
전반,5
특징,5
부,5
평생,5
구,5
장담,5
담보,5
우,5
반대,5
매각,5
논의,5
복지,5
제정,5
신약,5
바이오,5
주최,5
단체,5
객관,5
기초,5
테,5
고,5
더샵,5
디오션시티,5
뉴스,5
단지,5
산단,5
특별,5
배터리,5
출전,5
벤처,5
작곡,5
초기,5
데이터베이스,5
손실,5
애플,5
결국,5
달성,5
발병,5
가천,5
학점,5
학기,5
삶,5
레넌,5
곡,5
말투,5
적성,5
리더십,5
주제,5
원리,5
포착,5
합성,5
변호사,5
맛,5
배송,5
진실,5
유사,5
외계,5
동공,5
간증,5
카카오,5
현장감,5
머신,5
불편,5
빅스비,5
나형,5
가형,5
건물,4
커뮤니케이션,4
총괄,4
의견,4
고민,4
탄생,4
투입,4
결심,4
무게,4
기획,4
배달,4
중앙,4
역사,4
의무,4
경영학,4
구상,4
이용자,4
새,4
패권,4
바이두,4
창문,4
소음,4
선수,4
측정,4
테슬라,4
부스,4
계단,4
롤러블,4
최소,4
래,4
인물,4
전시,4
대비,4
내비게이션,4
행성,4
혼자,4
세부,4
여건,4
부사장,4
가격,4
요원,4
상담원,4
가입자,4
입단,4
마음,4
자유,4
시절,4
착점,4
폭,4
본인,4
이하,4
라이벌,4
주위,4
인터뷰,4
게,4
알파스타,4
순간,4
제한,4
잔,4
로봇팔,4
근육,4
몽,4
주인공,4
도,4
인사,4
부모,4
금액,4
시설,4
확신,4
추격,4
공학부,4
군,4
흥미,4
방안,4
자신감,4
대다수,4
커제,4
호선,4
연승,4
업그레이드,4
일반인,4
나중,4
대조,4
화폐,4
결성,4
보안,4
회의,4
라인,4
솔루션,4
품질,4
유통,4
화,4
분기,4
보관,4
소설,4
본격,4
가슴,4
승부,4
술,4
시행,4
기가지니,4
가족,4
협약,4
고장,4
선호,4
알,4
진동,4
상당,4
창립,4
해,4
산업체,4
프로덕트,4
유치,4
주력,4
촉진,4
행정,4
고령,4
발달,4
물론,4
수치,4
심장,4
약품,4
안전처,4
뼈,4
문자,4
가맹점,4
극대,4
문화,4
프로그래밍,4
모니터,4
요인,4
칩셋,4
연봉,4
팀장,4
티몬,4
허위,4
파일,4
리뷰,4
종류,4
물류,4
발명,4
소식,4
극복,4
걱정,4
완벽,4
요청,4
값,4
학습자,4
에,4
외국어,4
시상식,4
사무국,4
의대,4
협회,4
점유,4
성향,4
담당,4
손해,4
사정사,4
소,4
반송,4
카카,4
주택,4
낙관,4
바닥,4
충전,4
영,4
상대방,4
조건,4
투자자,4
가짜,4
생성,4
칭다오,4
계기,4
반출,4
그라인더,4
충돌,4
국외,4
남자,4
보고서,4
재료,4
주인,4
콘솔,4
압도,4
기억,4
프로젝트,4
그림,4
트릭,4
렌터,4
지능학과,4
신설,4
지능학,4
친화,4
원활,4
합격,4
포럼,4
밴드,4
모집,4
뒷받침,4
기전,4
덤,4
메이저,4
미세,4
전극,4
법원,4
수도,4
공공,4
사생활,4
만남,4
크릭,4
의회,4
스트,4
피스컬노트,4
방침,4
거짓,4
가이드,4
시위대,4
문명,4
감시,4
시위,4
질,4
칫솔,4
실기,4
단과대,3
아래,3
마윈,3
본지,3
질주,3
드론,3
식물,3
비전,3
전신,3
자유자재,3
수단,3
작품,3
인문학,3
직후,3
설명회,3
안팎,3
교수진,3
지식,3
표,3
컨,3
습도,3
응용,3
치열,3
차지,3
명령어,3
도전장,3
두,3
시연,3
반도체칩,3
추적,3
목,3
바이트,3
하이,3
빅,3
명상,3
엔터테인먼트,3
관람객,3
정밀,3
균형,3
조종,3
짐,3
하,3
인용,3
암,3
다수,3
인증,3
그,3
네발,3
다리,3
틱,3
저자,3
보상,3
규칙,3
지하,3
참조,3
시간대,3
가구,3
공급,3
제약,3
만족도,3
고지,3
입장,3
팬,3
선배,3
유학,3
사범,3
별,3
결승,3
멤버,3
유일,3
출발,3
유망주,3
인정,3
느낌,3
괴물,3
개발사,3
개성,3
전투,3
재질,3
구동,3
예측력,3
과제,3
출력,3
상상,3
예산,3
정리,3
연락,3
재학,3
제조업,3
이공,3
후원,3
석,3
학위,3
장,3
절반,3
소속,3
최고수,3
스승,3
제로,3
북,3
한돌,3
허용,3
적발,3
동,3
실종,3
연합군,3
초,3
도약,3
오피스,3
지문,3
스페이스,3
체험,3
재현,3
방,3
결함,3
불량,3
독점,3
메시지,3
씽큐,3
전환,3
예선,3
고기,3
버그,3
근무,3
동료,3
라이프,3
브로드밴,3
연계,3
영화관,3
증상,3
변경,3
기여,3
결론,3
흐름,3
박차,3
실무,3
항공,3
신뢰,3
변형,3
고용,3
체계,3
유방암,3
신속,3
각국,3
자회사,3
실명,3
단순,3
안저,3
급성장,3
혈관,3
방문,3
사원,3
우울증,3
공헌,3
조,3
브랜드,3
정신,3
교통사고,3
체증,3
메뉴,3
먹거리,3
특허,3
특성,3
장기,3
내역,3
조회,3
얘기,3
텍스트,3
다운로드,3
원인,3
오늘,3
각도,3
고려,3
하늘,3
공포,3
덕분,3
두려움,3
목적,3
페이스북,3
관제실,3
붉은색,3
발매,3
차이,3
투기,3
수출,3
학령기,3
감소,3
파이,3
성인,3
한정,3
약점,3
에듀,3
창조,3
천재,3
바이,3
메디컬,3
수상,3
연내,3
제안,3
어린이,3
간격,3
판정,3
근접,3
민간,3
설정액,3
핀테크,3
어드바이,3
이내,3
밀착,3
불안,3
보험사,3
월,3
보험료,3
아파트,3
포스코건설,3
바퀴,3
평면,3
수요자,3
진,3
암호,3
주민,3
금,3
주간지,3
강자,3
프,3
고등,3
과학원,3
토끼,3
핸디캡,3
완화,3
옷,3
고해상,3
한쪽,3
하이얼,3
파견,3
알람,3
최선,3
포괄,3
기보,3
백인,3
인종,3
폭발,3
트위터,3
자국민,3
요구,3
맥락,3
폐쇄,3
발언,3
집단,3
편의점,3
선두,3
탓,3
원천,3
상점,3
약국,3
웹,3
니,3
청각,3
부품,3
병렬,3
소모,3
증대,3
고속,3
물리,3
신화,3
환청,3
경향,3
지사장,3
이케아,3
법인,3
자연어,3
실습,3
윈,3
집적,3
태도,3
현,3
한편,3
미흡,3
경복대,3
성적,3
비즈니스,3
상위,3
트레이닝,3
기념,3
우승자,3
이때,3
뇌신호,3
자문,3
콘퍼런스,3
계약서,3
해석,3
논쟁,3
빠다코코낫,3
황,3
노트,3
대처,3
유력,3
응시,3
의식,3
공,3
머스,3
무늬,3
랩,3
운용,3
판결,3
외계인,3
국내외,3
망막아세포종,3
치매,3
임기,3
연구소장,3
편안,3
업스,3
이미지데이터,3
명암,3
고해상도,3
완성도,3
좌우,3
소스,3
업스케일,3
디테일,3
혼성,3
코덱인,3
코덱이,3
압축,3
다방면,3
인테리어,3
음향,3
환호,3
배경음,3
부각,3
음,3
선명도,3
질감,3
피로감,3
분절,3
몰입,3
파,3
승패,3
산업융합집,3
구역,3
유리,3
지스트,3
인쇄술,3
오후,3
변,3
수염,3
한국사,3
복도,2
건축가,2
회,2
구사,2
이중,2
언어자,2
탈바꿈,2
노벨상,2
개편,2
블,2
소득,2
갈등,2
돌파,2
취지,2
밤,2
미국인,2
기부자,2
기부금,2
나머지,2
주식,2
예술,2
성패,2
생명,2
공학자,2
전공자,2
호응,2
부활,2
위원,2
승진,2
바람,2
개막,2
만,2
컨벤션,2
취재진,2
손바닥,2
유기발광다이오드,2
겨냥,2
양산,2
양국,2
무역,2
이두,2
양분,2
컨디션,2
졸음,2
봇,2
음질,2
올,2
부착,2
대시,2
보드,2
전유물,2
능동,2
외신,2
거대,2
모두,2
대가,2
응,2
변환,2
분리,2
무용수,2
앰비덱스,2
교사,2
화두,2
마찬가지,2
블록체인,2
결실,2
복원,2
애니말,2
보행,2
민,2
강아지,2
관절,2
건설,2
탐사,2
애,2
영입,2
해답,2
가스앱,2
채팅,2
활성,2
민원,2
도시가스,2
업데이트,2
타이틀,2
세계무대,2
영재,2
소년,2
매력,2
문법,2
실수,2
여름,2
하위,2
씨름,2
형,2
정식,2
유튜브,2
일대일,2
프트,2
종족,2
군대,2
플레이,2
경기,2
연습량,2
정복,2
권,2
소프트,2
케이블,2
노진구,2
주유,2
식당,2
딸,2
도서관,2
인쇄,2
아들,2
아버지,2
가정,2
학업,2
어학,2
연수,2
낭비,2
부임,2
통,2
교양,2
발간,2
외국,2
무,2
토론,2
합의,2
별개,2
인센티브,2
지배,2
양딩신,2
접속,2
서열,2
정기,2
기원,2
입증,2
라제로,2
승부처,2
인신,2
매매범,2
학습량,2
스티,2
미성년자,2
호텔방,2
여행,2
후보,2
인신매매,2
그중,2
추정,2
추세,2
공략,2
국립,2
수사,2
매직리프,2
출입문,2
미래상,2
하이퍼,2
신분증,2
절차,2
제조사,2
평,2
상반기,2
소재,2
합작,2
그랩,2
발판,2
폴더블,2
듀얼,2
기점,2
단적,2
지연,2
김,2
버,2
메이트,2
석권,2
비급,2
이야기,2
의문,2
엘리트,2
후반,2
최상,2
위권,2
젠,2
나,2
덕,2
본선,2
바둑리그,2
진입,2
구체,2
체중,2
전년,2
유,2
네트워크,2
기가,2
연평균,2
급증,2
휴대폰,2
플리케이션,2
피싱,2
감독원,2
통장,2
싱,2
불법,2
고급,2
노동부,2
한글,2
수시,2
합격자,2
예비,2
정보통신부,2
모범,2
소프트웨어융합대학,2
의,2
육성지원,2
일환,2
장관,2
비행,2
두각,2
청년,2
전부,2
난,2
전폭,2
의료비,2
기가바이트,2
유전자,2
걸음,2
공백,2
발휘,2
망막증,2
시력,2
인도,2
업로드,2
숙련,2
마이,2
신러닝,2
이해도,2
실,2
폐암,2
왼쪽,2
오프라인,2
화점,2
쿠폰,2
우수고객,2
커뮤니티,2
론칭,2
점포,2
퇴근,2
빅맥,2
세트,2
다이내믹,2
일드,2
맥,2
단축,2
메뉴판,2
소비지도,2
비즈파트너,2
카드사,2
홈페이지,2
성별,2
다각,2
위례점,2
잠재,2
추출,2
라이프스타일,2
침대,2
공항,2
거점,2
글자,2
시속,2
화웨이,2
런정페이,2
멸망,2
본부장,2
웨이,2
출원,2
초창기,2
야전,2
잠,2
근로자,2
지급,2
심의,2
과대,2
과장,2
낌새,2
널,2
풀이,2
숫자,2
동영,2
장벽,2
외국인,2
플,2
동물,2
사과,2
플라스틱,2
쓰레기통,2
판별,2
선결,2
이자,2
출금,2
만약,2
번호,2
빈도,2
마크,2
통계,2
호모,2
사피엔스,2
추락,2
예전,2
오류,2
망치,2
날개,2
국비,2
테스트,2
승자,2
작업장,2
조립,2
형상,2
비명,2
놀라움,2
행위,2
조언,2
인구수,2
이러닝,2
에듀테크,2
개척,2
임,2
베이스,2
소통,2
에듀테,2
수명,2
캠퍼스,2
탈피,2
교원,2
시공,2
사명,2
열풍,2
서류,2
수직,2
보수,2
선점,2
교과서,2
학부모,2
부처,2
제각각,2
교육부,2
이민,2
당국,2
액셀러레이팅,2
주관,2
안착,2
비상,2
트렌드,2
용품,2
발육,2
공단,2
확진,2
마련,2
위원장,2
신뢰도,2
신청자,2
의원,2
판명,2
손목뼈,2
내외,2
인사이트,2
현행,2
심정지,2
악화,2
예후,2
가입,2
반품,2
공모,2
대중,2
감안,2
합성어,2
체험관,2
기쁨,2
쇼핑몰,2
거짓말,2
경로,2
콜레라,2
돼지,2
단기,2
보장,2
한마디,2
택시,2
견본,2
출입,2
지방,2
군산,2
배치,2
합류,2
운동,2
기법,2
청약,2
간호사,2
인식기,2
간,2
셔츠,2
박동,2
연설,2
백과사전,2
도난,2
위조,2
방지,2
형성,2
지난주,2
컵,2
폐지,2
제,2
추구,2
대등,2
승서,2
고수,2
오,2
증권배,2
당면,2
펀딩,2
이수,2
모,2
형식,2
명시,2
건의,2
재무,2
이익,2
모집인,2
데이,2
패션,2
적대,2
방패,2
싸움,2
영향력,2
상하,2
원료,2
클,2
양해,2
각서,2
파트너십,2
개정안,2
도로,2
창작,2
엔지니어,2
강제,2
안보,2
위협,2
정면,2
운행,2
무한,2
급부상,2
인터넷안전법,2
권한,2
법학,2
미비,2
초대,2
심심이,2
테이,2
계정,2
우리나라,2
오해,2
편견,2
남성,2
시리,2
지적,2
동향,2
선제,2
선진국,2
지정,2
키,2
열,2
보통,2
감각,2
기획평가원,2
애저,2
몸짓,2
구별,2
동생,2
게임기,2
마존,2
라이브,2
뇌졸중,2
마트폰,2
클래리,2
국한,2
지향,2
수화,2
브,2
백내장,2
신경,2
통찰력,2
상징,2
유망,2
장점,2
연산,2
용량,2
가속기,2
모듈,2
뉴로모픽,2
수율,2
의지,2
네,2
조현,2
포기,2
파트너,2
광명점,2
면적,2
레,2
석사,2
렌터카,2
학년도,2
심화,2
소프트웨어학과,2
가천대,2
강좌,2
교과목,2
교과,2
디자인,2
전공과목,2
텀프로젝,2
계속,2
판교,2
인접,2
통계학,2
초청,2
보완,2
확정,2
가사,2
논란,2
작곡자,2
호기심,2
재앙,2
오전,2
재능,2
인생,2
가량,2
아이폰,2
스스로,2
리더,2
본,2
강사,2
뇌과학,2
원서,2
문의,2
홈킷,2
순차,2
왕위안쥔,2
뮤직,2
논리,2
우세,2
재,2
견해,2
양쪽,2
귀,2
조심,2
온몸,2
머릿속,2
뇌전증,2
간질,2
발성기관,2
게릭병,2
중증,2
머스크,2
공격,2
집주,2
사항,2
외벽,2
조금,2
조각,2
스케일,2
보강,2
집사,2
조합,2
아침,2
선생,2
테크놀로지,2
아이디어,2
적,2
고유,2
대량,2
행복,2
꼬깔콘,2
절대,2
앙금,2
푸드,2
버팔로윙맛,2
대체육,2
흥행,2
언론사,2
한인,2
피스컬,2
럼,2
모임,2
원래,2
투표,2
캠프,2
선출,2
복,2
호감도,2
가로,2
컴퓨터칩,2
라스,2
소수,2
시선,2
세레,2
코어,2
면접관,2
특강,2
주말,2
영업,2
대답,2
핵,2
고성,2
고성과자,2
입꼬리,2
포인트,2
예외,2
직군,2
경력,2
사내,2
대외,2
우주,2
침해,2
화성,2
이주,2
민주,2
레이저,2
포인터,2
르족,2
출범,2
증권,2
비중,2
통찰,2
판사,2
혐의,2
형량,2
모형,2
혼잡,2
지형,2
디지트,2
관측,2
쇼스택,2
선임,2
천문학,2
유효,2
단정,2
생명체,2
언론,2
조선,2
웨어,2
접수,2
신간,2
현대,2
응급,2
쇼,2
반사,2
생후,2
연령,2
단장,2
처치,2
소아,2
중환자실,2
임신,2
중독증,2
산모,2
초저지연,2
어센드,2
클러스터,2
융,2
각오,2
도래,2
퇴임,2
재계,2
국회,2
오브레인,2
집약,2
크린,2
효과음,2
밝,2
니버설,2
앵커,2
관중석,2
액션,2
밝기,2
가감,2
메아리,2
남녀,2
전적,2
정,2
우칭,2
위안배,2
한때,2
잉,2
성취,2
긴장,2
승부사,2
산업육성,2
지구산단,2
다,2
실증,2
꼬리,2
성당,2
변동,2
중세,2
건축물,2
지위,2
예고,2
전동,2
수도꼭지,2
수거,2
직장,2
근본,2
변기,2
면도날,2
회전,2
이노베이션,2
청소,2
관계사,2
바이오팜이,2
브레인마사지배,2
번기,2
간호학,2
가산점,2
예과,2
화공,2
생명공학,2
인원,2
정시,2
본관,1
옆,1
스타,1
코너,1
이공계,1
스쿨,1
단위,1
칼리,1
개교,1
졸업자,1
깃발,1
임용,1
위력,1
자족,1
도달,1
태풍,1
창간,1
연중,1
연재,1
컴퓨터과학,1
프린터,1
상체,1
한창,1
카트,1
청소기,1
물고기,1
용어,1
모태,1
금융인,1
이외,1
리프,1
생물학,1
환율,1
검증,1
행정학,1
교통망,1
사료,1
유적,1
가설,1
진품,1
감별,1
정보연구원,1
실장,1
동문,1
학과장,1
닉,1
교두,1
부학장,1
충원,1
프리미엄,1
에어,1
쾌적지표,1
이산화탄소,1
농도,1
일정량,1
환기,1
외출,1
전력량,1
가전제품,1
전면광,1
물세탁,1
양털,1
두께,1
베,1
플렉스파,1
플렉스파이,1
어른,1
장사진,1
조형물,1
시제품,1
여파,1
와중,1
오케,1
아성,1
헤드폰,1
픽,1
아바타,1
중국판,1
기차,1
화제,1
북새통,1
앞좌석,1
하반기,1
호라이즌,1
차용,1
세싱,1
유닛,1
거스,1
가정집,1
거실벽,1
더월,1
생중계,1
입구,1
패널,1
폭포,1
통로,1
돌돌,1
전시품,1
히트작,1
감탄사,1
독보,1
추격삼성,1
경쟁국,1
틀,1
각축,1
뉴,1
구루,1
저화질,1
가수,1
뒤편,1
춤,1
공연,1
양팔,1
하이파이브,1
막대,1
서커스,1
묘기,1
권위자,1
중견,1
로보,1
마니플레이터,1
카트로봇,1
뒷좌석,1
램프,1
국제학술지,1
초록,1
데이터베이스인,1
해킹,1
용도,1
탄소,1
원자,1
벌집,1
물질,1
핀,1
주기,1
열광,1
감속,1
스트레스,1
비만,1
키워드,1
후터,1
장남,1
캐나다인,1
텍,1
공저자,1
활용도,1
칭찬,1
먹이,1
학습법,1
니말,1
터널,1
해상,1
변전소,1
하수관,1
맘,1
고양,1
김포,1
발상,1
접점,1
대고객,1
콜센터,1
송달,1
유상,1
요금,1
창구,1
통일,1
배관,1
유기,1
준우승,1
고대,1
월간바둑,1
설문,1
딥마인드,1
무시,1
등,1
고향,1
회상,1
초등,1
복기,1
소신,1
승부욕,1
또래,1
경쟁자,1
육,1
국대,1
승격,1
맹장,1
틈,1
중위,1
꿈나무,1
뜻밖,1
감독,1
입단자,1
판수,1
다승,1
귀가,1
눈초리,1
부탁,1
터테인먼트,1
다리오,1
코민츠,1
상식,1
완승,1
패배,1
상급,1
능가,1
예측로봇손,1
의중,1
장갑,1
모터,1
손가락,1
보호자,1
어깨,1
뇌파,1
전류,1
급감,1
친숙,1
캐릭터,1
도라,1
뭉치,1
주머니,1
신비,1
진구,1
머리,1
콘셉트카,1
주유소,1
피곤,1
즐거움,1
휴머노이드,1
출가,1
빈자리,1
동무,1
오래간만,1
만화,1
산증인,1
흑백,1
기판,1
신축,1
예금,1
사재,1
공과,1
최고액,1
노환,1
책임,1
입원,1
신년,1
기획실,1
보고,1
지시,1
헌,1
학장,1
협조,1
말씀,1
숙제,1
입학,1
형편,1
휴학,1
웨이터,1
공군,1
통신장교,1
복무,1
해동,1
문화재단,1
연구비,1
놀로,1
등록금,1
제자,1
공과대,1
대학원장,1
취임,1
한눈,1
정도전,1
고서,1
전자책,1
하이퍼링크,1
삽입,1
올봄,1
신학기,1
무크,1
자존심,1
구성원,1
인포매틱스,1
컬처앤테,1
자기설계,1
대접,1
착륙,1
완파,1
출현,1
애비,1
완전,1
맞수,1
경악,1
해설자,1
수순,1
노골,1
학원,1
도장,1
수법,1
휴대,1
토너먼트,1
줴이,1
순,1
고등과학원,1
돌바람,1
최강자,1
배타,1
그래픽카드,1
코치,1
천하,1
분전,1
구출,1
출판,1
기증,1
노동기구,1
희생자,1
성행,1
노,1
건초,1
더미,1
바늘,1
추,1
법정,1
스타트,1
어낼리틱스,1
광고료,1
지불,1
텔레콤보안,1
열어글로벌,1
안주,1
초생활,1
팩토리,1
보여,1
중순,1
출입증,1
트베드,1
가상공간,1
레스토랑,1
에지컴퓨팅,1
머신비전,1
수퍼,1
레콤,1
포켓,1
나이언틱,1
장수,1
컴캐,1
트그룹,1
컴캐스트,1
스펙타코어,1
맵,1
자용,1
맞이,1
난달,1
관통,1
갤럭시,1
메,1
축,1
전면전,1
폐막,1
주관사,1
이동통,1
무인기,1
통신사,1
기지국,1
수트봇,1
운드,1
유플러,1
레스,1
토랑,1
폼팩,1
폼팩터,1
딩,1
블폰,1
채택,1
대대적,1
평상시,1
하단,1
겉모습,1
지난번,1
곡절,1
림,1
입성,1
무림,1
영웅,1
무협,1
기적,1
연출,1
노장,1
사상,1
칼텍스,1
독학,1
그때,1
초일류,1
이점,1
힘바둑,1
싸움터,1
단언,1
호승,1
젠고,1
오픈,1
귀신,1
킬러,1
별명,1
릴라제로,1
아마추어,1
낙방,1
늦깎이,1
공익,1
동갑,1
잔치,1
하산,1
욕심,1
찬스,1
제대,1
담배,1
거구,1
유도,1
착각,1
스튜디오,1
봄여름가,1
겨울,1
소절,1
연습,1
브로드,1
감소세,1
대포,1
손안,1
행태,1
조치,1
셀프,1
출동,1
해소,1
랜,1
개개인,1
이력,1
홈화면,1
도입부,1
풀,1
업그레이드해,1
사기,1
차단,1
피싱스톱,1
방검찰청,1
식,1
피싱일,1
경,1
워드,1
발화,1
문맥,1
정보부,1
보이스피싱,1
피해,1
디지털콘텐츠,1
지진분야,1
스타크래프,1
쾌거,1
소프트웨어융합대학융합,1
전원,1
정통부,1
허브,1
준공,1
대양,1
근간,1
컴퓨터공학,1
보호학,1
소프트웨어학,1
데이터사이언스학과,1
기전공학부,1
엔터테,1
먼트,1
소셜미디어매니지먼트,1
프트웨어학,1
사이언스학,1
앞장,1
각광,1
해외우수연구기관유치,1
센,1
동맥,1
협력단,1
제도,1
공로,1
표창,1
애니메이션,1
작성,1
항공체계,1
그레이드,1
변색,1
사업단,1
사업비,1
교내,1
멀티스튜디오,1
캠퍼스타,1
컨설팅,1
액센추어,1
건강관리,1
옴니,1
자료량,1
밑거름,1
일생,1
라바,1
엑사바이트,1
오지,1
도상국,1
일간,1
알파벳,1
모회사,1
고혈당,1
노출,1
손상,1
자각,1
추산,1
뒤쪽,1
수초,1
기술자,1
근처,1
초음파,1
와,1
윈터라이트,1
관상,1
츠,1
머병,1
호흡증,1
리암,1
알츠하이머,1
입체,1
텐센,1
미잉,1
도암,1
부암,1
에어닥,1
얼룩,1
만성,1
인플루엔자,1
수막염,1
유년기,1
소아과,1
식약처,1
전립선암,1
안구,1
백화점,1
중심경영,1
중시,1
이사,1
구매,1
스마트픽,1
쇼핑어드바,1
응대,1
그간,1
어플리케이션,1
영수증,1
상품권,1
컨시어지,1
동행,1
기념일,1
로열티,1
사교,1
소사이어티,1
행보,1
캠페인,1
저녁,1
드라이브,1
스루,1
수령,1
파이낸,1
간이침대,1
다이나믹,1
중소,1
공생,1
중소가맹점주,1
가맹점주,1
가게,1
선별,1
홍보,1
트레이,1
개장,1
트레이더스,1
샘,1
냉정,1
공계,1
광둥,1
흰색,1
가운,1
노란색,1
장애물,1
정지,1
자연재해,1
재난,1
빌,1
방주,1
기린,1
해설,1
간섭,1
성과주의,1
엔지,1
칭화대,1
한구석,1
파격,1
처우,1
다반사,1
도태,1
미성,1
퇴출,1
커머스,1
만병,1
통치약,1
수정,1
업무량,1
형체,1
배달앱,1
요기요,1
딜리버,1
부정,1
일주일,1
이틀,1
지디넷,1
모바일앱,1
매스프레소,1
기호,1
르,1
누적,1
하이퍼커넥트,1
국적,1
한국말,1
현지어,1
울음,1
나나,1
탁구공,1
블로그,1
지우,1
플라스틱병,1
성질,1
닝,1
운반,1
수고,1
물동량,1
원금,1
총,1
전액,1
선결제,1
청구,1
입금,1
항목,1
월평균,1
소화,1
초원,1
사냥,1
사랑,1
본능,1
보잉사,1
보잉,1
기종,1
역설,1
맥스,1
기체,1
교정,1
파일럿,1
부팅,1
주먹,1
저커버그,1
목숨,1
항공기,1
먼저,1
감시카,1
작업자,1
방송,1
경고등,1
녹색,1
테크윈,1
아동,1
음역,1
파열음,1
폭발음,1
총소리,1
경보,1
무단,1
도비,1
관내,1
배회,1
폭력,1
불꽃,1
관제,1
직장인,1
다년간,1
관료,1
교실,1
호황,1
스글로벌,1
타트업,1
듀테크,1
자가,1
치중,1
원어민,1
과외,1
회화,1
이러닝학,1
몰입도,1
전직,1
패스트,1
숙,1
집중이,1
진도,1
강점,1
입시,1
보습,1
식품분야,1
진씽크빅,1
도서,1
진북클럽,1
벼랑,1
회생,1
스마트구몬,1
스마트빨간펜,1
대교,1
아이스크림,1
홈런,1
고무,1
아이스크림미디어,1
한류,1
영유아,1
타깃,1
무역학,1
학습지,1
집합,1
어려움반,1
교재,1
구매자,1
법제도,1
관장,1
주무,1
협의,1
연구회,1
이사장,1
인터넷망,1
술력,1
복수,1
의향,1
실패,1
휴넷,1
직무,1
중간,1
케,1
일례,1
재활,1
과시,1
박능후,1
육성법,1
통상,1
자원부,1
약속,1
의약품,1
본에,1
기기산업,1
먹거리이,1
심사평가원,1
주축,1
증진,1
진형교수,1
유무,1
정량,1
정성,1
채점,1
전문병,1
제약바이,1
콘테스트,1
공명,1
뇌종양,1
교모,1
단층,1
입상,1
뼈마디,1
온라인펀드,1
표본,1
소요,1
당일,1
뷰노,1
호전,1
쏠리치,1
쏠,1
개별,1
쏠림,1
리밸,1
행,1
공시,1
세분,1
역성장,1
성장세,1
고위험,1
고수익,1
중위험,1
중수익,1
폐사,1
니즈,1
주가,1
드바이,1
그래프,1
포스코,1
주자,1
심리,1
상환,1
상관관계,1
시가,1
총액,1
성실,1
연체,1
국도,1
남향,1
지목,1
부실,1
농장,1
보상금,1
규제지역,1
국토,1
지점,1
시내,1
시외,1
국인,1
산정,1
구입,1
택배비,1
느,1
위성,1
항법,1
자동차보험,1
굿닥터,1
어테크,1
플랫폼인,1
아이씨,1
오른팔,1
카카오아이,1
난방,1
주차,1
보일러,1
물음,1
멜,1
대중교통,1
분양,1
지상,1
전용면,1
소형,1
속도로,1
유블럭스,1
원청,1
검찰청,1
지청,1
고속버스터미널,1
인근,1
채광,1
통풍,1
선호도,1
베이,1
타입,1
드레스,1
룸,1
더샵필드,1
테마놀이터,1
물놀이장,1
더샵페르마,1
쾌,1
골프장,1
탁구장,1
독서실,1
키즈스테이션,1
어린이집,1
당첨자,1
정당,1
요자,1
중도금,1
계약금,1
납입,1
전매,1
입주,1
아시안리더십콘퍼런스,1
눈앞,1
테크페스,1
딜,1
목시,1
발광다이오드,1
몸통,1
구석구석,1
집게,1
선반,1
병실,1
침구,1
정돈,1
허드렛일,1
바코드,1
전자식,1
가격표,1
방전,1
큐트서킷,1
허그,1
시사,1
타임,1
발명품,1
연인,1
포옹,1
서로,1
트시티,1
딥마인,1
퍼스트비트,1
연단,1
거물,1
거래소,1
창립자,1
창펑,1
탈중앙화,1
커,1
예술품,1
베테랑,1
분석가,1
비트코인,1
펀드스트랫,1
한게임,1
설욕,1
급변,1
출발점,1
퇴장,1
후속,1
보소,1
제작자,1
내심,1
결승서,1
골락,1
영패,1
아쉬움,1
심정,1
공식전,1
설,1
펑황,1
거북이,1
레이스,1
비결,1
재정,1
증설,1
티마,1
동급,1
라제,1
경계,1
중신증권배,1
결,1
결합체,1
글로비스,1
전패,1
충격,1
시험기,1
전승,1
프로기사,1
위축,1
그랜드마스터,1
폐업,1
천지,1
개벽,1
정면돌파,1
톱스타,1
석상,1
위상,1
직결,1
국력,1
중신,1
규,1
추진회의,1
금융위,1
전수,1
투자일임업,1
규준,1
가이드라인,1
준,1
구속력,1
부과,1
그림자,1
죈,1
법제,1
개혁,1
사모,1
모금,1
임직원,1
스톡,1
옵션,1
회계,1
코스닥,1
미실현,1
특례,1
전속주의,1
소액,1
거절,1
일리메일,1
데이터그,1
육안,1
사이버,1
헤어스타일,1
막강,1
창업기,1
수질,1
가공,1
세대이동통신,1
공장장,1
전념,1
일용,1
칭다오냉장고공장,1
개명,1
세탁실,1
건조대,1
정리기,1
관리인터넷,1
원단,1
세제,1
세탁대,1
물정리,1
건조,1
개기,1
일련,1
기공장,1
트공장,1
철근,1
걸출,1
우드,1
모색,1
회동,1
양사,1
소수자,1
관할,1
서명,1
애플리케이션,1
투자심,1
세계인,1
조교수,1
흡수,1
팽창,1
홍채,1
걸음걸이,1
데이터양,1
분량,1
당,1
연료,1
기하급수,1
패권주의,1
민족주의,1
이스북,1
독식,1
급제동,1
반격,1
골자,1
테러,1
개정,1
개방,1
반발,1
유출,1
검열,1
발효,1
정보보호법,1
역외,1
호주,1
국적민,1
심도,1
분포도,1
드업체,1
기주의자,1
능력자,1
주의자,1
혐오,1
저널리즘,1
지상주의자,1
코웃음,1
유색,1
고발,1
동결,1
과거사,1
낙오,1
경고음,1
여기저기,1
니콘,1
불모지,1
금지령,1
경합,1
사활,1
두말,1
국책,1
개발비,1
우선,1
집행,1
시진핑,1
주석,1
논문수,1
기업수,1
특허수,1
수반,1
총리,1
혁신회,1
태평,1
푼돈,1
유니콘,1
직속,1
이기주의,1
국경,1
구경,1
후진국,1
식민지,1
보호법,1
빈틈,1
고개,1
양대,1
예감,1
육감,1
바크아이,1
전과자,1
옷차림,1
절도,1
정비,1
권유,1
화물차,1
운전사,1
수리,1
전격,1
요시,1
클라우드,1
엑스박스,1
플레이스테이션,1
모양새,1
형국,1
태,1
아케이드,1
본업,1
단행,1
파급력,1
판권,1
한번,1
시리즈,1
발음,1
보건기구,1
약,1
마운틴뷰,1
척수,1
휠체어,1
일시,1
장바구니,1
룩아웃,1
켐,1
안드,1
캡션,1
체제,1
이드,1
트랜스크라,1
줄리,1
유포,1
파킨슨병,1
의사소통,1
오니,1
디바,1
다운,1
증후군,1
선천,1
사물인터넷,1
복제,1
참여자,1
변조,1
세돌,1
곱셈,1
취약,1
선언,1
엔비디,1
파운드리,1
동반,1
패러다임,1
절호,1
다행,1
신물질,1
행렬,1
극단,1
중기,1
희생,1
단말기,1
고층,1
주상,1
복합,1
엘리베이터,1
표면,1
저항,1
소자,1
초격차,1
불굴,1
열쇠,1
강력,1
네귀니,1
레자이,1
에모리대,1
처,1
자매지,1
망상,1
정보량,1
레딧,1
연관,1
가동,1
보증금,1
렉트릭,1
호평,1
철강,1
중장비,1
섭렵,1
데이터센터,1
오일,1
플랜트,1
중공,1
이케,1
협력사,1
디,1
테라바이트,1
개입,1
광명,1
축구장,1
교체,1
장기렌,1
세무,1
증빙,1
어링,1
장기렌터카,1
재편,1
가속,1
보폭,1
경진,1
저명,1
인공지능학,1
종지부,1
개요,1
▲로봇공학,1
기계학습,1
딥러닝,1
컴퓨터비전,1
자연어처리,1
유수,1
인턴프로그램,1
단과,1
소프트웨어중심대학,1
소프트웨어사업단,1
재학생,1
비주얼,1
피지컬,1
인증제,1
해커톤,1
천대,1
소프트웨어융합,1
방학,1
오픈소스,1
학기제,1
학사,1
중심지,1
동참,1
유예자,1
매치,1
로드맵,1
주류,1
활용법,1
학계,1
엠,1
커리큘럼,1
천,1
활약,1
전설,1
뒷이야기,1
앨범,1
러,1
솔,1
수록,1
존,1
플레이보,1
절,1
후렴,1
연결부,1
반박,1
버드,1
창간호,1
작사가,1
희곡,1
부작,1
극작가,1
말로,1
화음,1
옥타브,1
작가,1
승현,1
풀빛,1
장밋빛,1
터부,1
염려,1
가을,1
지환,1
쟁점,1
축복,1
전문직,1
서비스직,1
대안,1
숙지,1
컴퓨터실,1
허,1
대원,1
출중,1
전철,1
님,1
참고,1
기분,1
조리,1
당황,1
저조,1
위로,1
잣대,1
책임교수,1
수강,1
증기,1
오늘날,1
진국,1
나라도,1
실천,1
현직,1
최고위,1
원생,1
네트워킹,1
금요일,1
도곡,1
포부,1
슈퍼,1
에어플레이,1
연말,1
미러링,1
어플레이,1
팟캐스트,1
현역,1
박,1
경력자,1
토종,1
탄식,1
변상일,1
내한,1
트리,1
불리,1
관왕,1
체면,1
대마,1
기왕전,1
종료,1
적정,1
격차,1
공감대,1
변상,1
축성,1
동조,1
반론,1
원조,1
릴라제,1
말년,1
최후,1
방어선,1
전개,1
컴퓨,1
인체,1
네이처,1
미디어업체,1
우표,1
사각,1
악기,1
이처지,1
생전,1
뺨,1
근위,1
측색,1
경화증,1
뇌질환,1
회복,1
론,1
뉴럴,1
쥐,1
수신,1
자국어,1
컴오피스,1
피스,1
컴,1
풀오피스,1
라인업,1
신사업,1
제출,1
한컴오피스,1
라이텍,1
통번,1
역기,1
지니톡,1
개그우먼,1
사법,1
변호,1
사회관,1
부대,1
알파로,1
리빙랩,1
근로계약서,1
당호,1
위원단,1
확,1
추론,1
누락,1
건축전,1
분,1
하우스,1
큐브,1
한참,1
주소지,1
대문,1
벨,1
입면,1
건축사,1
무소,1
살림,1
손동작,1
대지,1
연면적,1
눈치,1
커튼,1
집내부,1
시네마,1
파티,1
순식간,1
거실,1
컨트롤,1
방탄,1
소년단,1
초등학생,1
비디오,1
위아래,1
자연광,1
발명가,1
당대,1
기계주,1
거주자,1
적응,1
미분,1
그해,1
궁리,1
투영,1
수동,1
소외,1
아이엠하우,1
집주인,1
항구,1
히피,1
허브로,1
시의회,1
타인,1
영장,1
범죄자,1
테러리스트,1
공동체,1
도덕,1
판매량,1
공리주의자,1
아이러니,1
버터,1
병아리콩,1
대두,1
골치,1
압력,1
폐기,1
어치,1
유량,1
구단주,1
보증,1
거품,1
과도,1
맥주병,1
절약,1
푸,1
소셜네트워킹,1
게시물,1
혼맥족,1
식감,1
우버,1
다코코,1
팥,1
법령,1
샌드위치,1
입소문,1
상자,1
유전공학,1
구독,1
소시지,1
버섯,1
나스닥,1
예상치,1
이사회,1
전망푸드,1
사주,1
타기팅,1
유용,1
재고,1
푸드테크,1
진학,1
합병,1
드라이브스루,1
햄버거,1
공급자,1
정치판,1
커버그,1
페이스,1
야후,1
억만장자,1
큐번,1
수표,1
포,1
선구자,1
산호세,1
정치인,1
피,1
컬노트,1
호감,1
후원자,1
하원,1
찬성,1
얼마인지,1
예측도,1
대관,1
담당자,1
발의,1
판결문,1
노미스트,1
시큐롤콜,1
장학,1
현금,1
지분,1
미스트,1
오너,1
충실,1
한국인,1
부부,1
미시,1
고등학교,1
선거,1
이듬해,1
학창,1
정치학,1
동창,1
교차점,1
모텔,1
성문법,1
함무라비,1
법전,1
마스터,1
플랜,1
▲면접,1
희망,1
색깔,1
음색,1
겉,1
합지수,1
당락,1
주요잣대,1
역량진단평가,1
개선대학,1
암달,1
간호,1
계,1
고시,1
통학,1
버스,1
계산장치,1
배내장,1
길이,1
그래픽처리,1
엔비디아,1
이트,1
위탁,1
다발,1
산,1
휴가,1
병목,1
레브라,1
트릴로지,1
난항,1
거짓이날,1
풍문,1
아마존웹,1
세레브라스,1
활기,1
복장,1
통용,1
비법,1
자기소개서,1
취준,1
취준생,1
육사,1
사관생,1
대담장,1
대학교,1
공략법,1
강연장,1
실업,1
탐,1
인에어,1
마이크,1
파트,1
성격,1
장단점,1
머지,1
객관식,1
주체,1
문항,1
우스,1
클릭,1
사고력,1
현혹,1
노하우,1
정답,1
진실두,1
소극,1
만점,1
팁,1
응시자,1
무리,1
분위기,1
녹화,1
금물,1
공포심,1
추측,1
화학,1
과학커뮤니케이션,1
고인물,1
투명,1
인상,1
순서,1
공지능,1
혁신가,1
본질,1
대전,1
대담,1
공수,1
훼손,1
하비,1
화장법,1
색,1
연상,1
여배우,1
연일,1
바리케이드,1
실탄,1
사격,1
잡초,1
거부,1
현관,1
초인종,1
수퍼마켓,1
인권,1
예가,1
구르족,1
신상,1
행선,1
강행,1
콧구멍,1
부당,1
역이용,1
고안,1
대칭,1
문양,1
나방,1
뱀,1
윤곽,1
군중,1
오인,1
유인,1
멜론대,1
요보비치,1
토,1
감시망,1
투명인간,1
해상도,1
일치도,1
문사,1
지주,1
계열사,1
조용병,1
투자증권,1
증권사,1
일임,1
랩어카운트,1
일소,1
배분,1
실행,1
하락,1
채권,1
자산군,1
중도,1
입출금,1
해지,1
개,1
사태,1
문외,1
법조인,1
메타,1
실상,1
시중,1
억,1
재판,1
권재판소,1
총격,1
연루,1
체포,1
검찰,1
중형,1
구형,1
피고인,1
모사,1
일처리,1
초점,1
피자,1
원시,1
인공신경망,1
침체,1
힌턴,1
컨볼루션,1
순환,1
워,1
임베딩,1
고양이,1
저,1
귀결,1
점쟁,1
합리,1
편향,1
오판,1
생명체탐색,1
포드,1
독특,1
신종,1
차체,1
트랜스포머,1
어질리티,1
주문자,1
패스봇,1
요타,1
셔틀버스,1
승객,1
출퇴근,1
낮시간,1
아내,1
엘리베,1
콘셉트,1
산악,1
후손,1
미지,1
외계지,1
어조,1
언,1
직,1
흔적,1
지인,1
지면,1
쯤이,1
스타벅스,1
부탁드,1
무어,1
법칙,1
민머리인,1
당장,1
자녀,1
개조,1
극,1
전파,1
진짜,1
모험,1
조선미,1
룹,1
자치,1
성원,1
시상명,1
미디어후원,1
비즈,1
응모마감,1
배포아기,1
정보학,1
제목,1
철학자,1
인공물,1
시뮬라크럼,1
몽환,1
화가,1
드림,1
그문트,1
비유,1
지능앱,1
드밴스,1
크레이,1
화이트,1
텍터,1
백색동공,1
플래시,1
코트병,1
암세포,1
완치,1
미식품,1
미만,1
심박수,1
체온,1
수술,1
삽관,1
근,1
비약,1
의료원,1
차세대정,1
보화사업,1
흉부,1
폐,1
결절,1
의심,1
부위,1
현미경,1
진일보,1
국내서,1
맥박,1
산소,1
포화,1
브란,1
소아호흡기알,1
호흡수,1
산소포화,1
고위험군,1
직관,1
패혈증,1
호흡,1
기내,1
마취,1
통증,1
문진,1
혈소판,1
간기능,1
저하,1
부종,1
임신부,1
태아,1
신장내,1
의학과,1
체질량지수,1
혈당,1
콜레스테롤,1
흡연,1
질병력,1
습관,1
궁극,1
굴기,1
통신산업,1
스캔,1
기상,1
예보,1
유전,1
번영,1
총장실,1
명문,1
급변기,1
공업,1
초고속,1
동차,1
남,1
젊은이,1
멘토,1
공언,1
마스,1
이터,1
데뷰,1
총수,1
카카오페이지,1
가시,1
부진,1
지표,1
접견,1
손정,1
소프트뱅크,1
기조,1
독거노인,1
상상력,1
실현,1
네거티브,1
신산업,1
상업,1
다국어,1
포털,1
카카오맵,1
카카오버스,1
독립,1
카오,1
결집,1
분사,1
난제,1
의장,1
카카오미,1
멜론,1
초지능,1
망라,1
스탠다임,1
처리설루션,1
래블,1
글로벌네트웍스,1
지자체,1
앞줄,1
석좌,1
완성삼성전,1
일가견,1
탄,1
대북,1
개발원,1
신분,1
제패,1
손전화기,1
기만,1
야간,1
미사일,1
납품,1
군사,1
기밀,1
재주,1
사업가,1
기소,1
소식통,1
참저축은,1
롤,1
존경,1
여권,1
취급,1
지난봄,1
인자,1
최다,1
바둑계,1
주지역,1
여류,1
국수,1
기성,1
연패,1
여제,1
수식어,1
기세,1
속개,1
준결,1
결승전,1
센코배,1
천적,1
좌절,1
바딤,1
물리학자,1
리얼리티,1
트랜,1
서핑,1
구절,1
정도쯤,1
열정,1
겸비,1
대성,1
우이밍,1
미레,1
루,1
강호,1
행배,1
전성,1
투지,1
발산,1
강전서,1
스웨,1
체력,1
강행군,1
테스,1
등산,1
운동량,1
지능집,1
자양분,1
산업육,1
자원,1
벤처사,1
실리콘,1
밸리,1
전고체,1
활,1
솔류션,1
요건,1
리케이션,1
정우주,1
리듬게임기술,1
해결능력,1
시책,1
광,1
위급,1
중심도시,1
가칭,1
조세,1
감면,1
부합,1
경제실장,1
인재양성광,1
전임,1
시너지,1
클러스,1
삼성,1
삼,1
암시,1
표출,1
교류,1
르네상스로,1
시대의,1
매직,1
위고,1
학회,1
격동기,1
파리,1
묘사,1
종말,1
르네상스,1
근저,1
만찬,1
진보,1
산물,1
동기,1
기인,1
상호,1
작용,1
장르,1
자극,1
담론,1
지평,1
찬사,1
수년,1
세간,1
이목,1
경이,1
독창,1
매료,1
메커니즘,1
형이상학,1
몰두,1
금세기,1
계승,1
오랄비,1
오랫동안,1
전환기,1
비견,1
총체,1
스테메,1
내용물,1
과학기술,1
단체총,1
합회,1
시스템학회,1
회관,1
중회의실,1
신임,1
주한,1
대사,1
환영,1
송년,1
수돗물,1
브리핑,1
엑스,1
종이,1
옷감,1
지능스마,1
양치,1
칫,1
솔질,1
체크로봇,1
욕실,1
출근길,1
승강,1
섬유,1
찬물,1
잠자리,1
골기,1
면도기,1
급속,1
치아,1
침투,1
화장실,1
주방,1
체감,1
전기면도기,1
내재,1
면도,1
구강,1
위생용품,1
시나리오,1
솔리암페톨,1
꼭지,1
신경계,1
릭실,1
엑스코프리,1
의약국,1
후보물질,1
신형,1
나타,1
라이프사,1
히터,1
주소,1
코골,1
간밤,1
산하,1
볼펜,1
물품,1
제자리,1
테이크,1
아웃,1
교,1
옷가지,1
코스,1
대내외,1
태원,1
마무리,1
의제,1
재정의,1
당부,1
유니,1
번지점프,1
딥,1
치위,1
계획승인,1
중추,1
이세,1
바이오팜,1
대국료,1
언스,1
담,1
원가,1
풍운,1
탑,1
플레이어,1
실황,1
리튬이온배터리분리막,1
번기전문가들,1
전의,1
기사직,1
신안,1
맞바둑,1
흑,1
분수령,1
체육,1
공산,1
중론,1
변수,1
바두기,1
스타일,1
간과,1
당사자,1
증산,1
대회서,1
진영,1
신중,1
접바둑,1
한도,1
세팅,1
의예과,1
체능,1
국료,1
수당,1
액수,1
이벤트,1
공중파,1
관,1
연기,1
예술학과,1
미술,1
디자인학부,1
반영비,1
토목,1
소재공학,1
생물,1
공학과,1
나노학과,1
연계열,1
의용,1
생학,1
구조학,1
방사,1
선학,1
치료학과,1
일반전형,1
소프트웨어전공,1
소방,1
위주전형,1
보정,1
초래,1
유니버셜,1
한국인공,1
능,1
고학수,1
